Unnamed: 0_level_0,Unnamed: 1_level_0,Unnamed: 2_level_0,Unnamed: 3_level_0,Unnamed: 4_level_0,Unnamed: 5_level_0,Sort by genome coordinates,Sort by genome coordinates,Sort by genome coordinates,Sort by genome coordinates,Unnamed: 10_level_0,Unnamed: 11_level_0,Unnamed: 12_level_0,Unnamed: 13_level_0,Motifs,Motifs,Motifs,Tissue expression -  +,Tissue expression -  +,Tissue expression -  +,Tissue expression -  +,Tissue expression -  +,Tissue expression -  +
MirGeneDB ID ▲,MiRBase ID,Family,Seed,5p accession,3p accession,Chromosome,Start,End,Strand,Node of origin (locus),Node of origin (family),Iso­miR,3' NTU,UG,UGUG,CNNC,Da,Ea,Mi,Wi,Yo,Yo.1
Cel-Bantam-P1,cel-mir-58a,BANTAM,GAGAUCG,MIMAT0015100,MIMAT0000030,chrIV,3233269,3233335,+,Caenorhabditis,Protostomia,,No,,,1.0,,,,,,
Cel-Bantam-P2,cel-mir-80,BANTAM,GAGAUCA,MIMAT0000052,MIMAT0000053,chrIII,8865285,8865349,-,Caenorhabditis,Protostomia,,No,,,,,,,,,
Cel-Bantam-P3,cel-mir-81,BANTAM,GAGAUCA,MIMAT0015109,MIMAT0000054,chrX,2431096,2431159,+,Caenorhabditis,Protostomia,,No,,,,,,,,,
Cel-Bantam-P4,cel-mir-82,BANTAM,GAGAUCA,MIMAT0020323,MIMAT0000055,chrX,2435273,2435333,-,Caenorhabditis,Protostomia,,No,,,,,,,,,
Cel-Bantam-P5a,cel-mir-2209a,BANTAM,GAGAUCA,MIMAT0011431,MIMAT0011432,chrIV,1027102,1027164,+,C. elegans,Protostomia,,No,,,,,,,,,
Cel-Bantam-P5b,cel-mir-2209b,BANTAM,GAGAUGA,MIMAT0011453,MIMAT0011454,chrIV,1021303,1021365,-,C. elegans,Protostomia,,No,,,1.0,,,,,,
Cel-Bantam-P5c,cel-mir-2209c,BANTAM,AAAGACC,MIMAT0011433,MIMAT0011434,chrIV,1027219,1027281,+,C. elegans,Protostomia,,No,,,,,,,,,
Cel-Lsy-6,cel-lsy-6,LSY-6,UUUGUAU,MIMAT0031896,MIMAT0000749,chrV,10647237,10647301,+,Caenorhabditis,Caenorhabditis,,No,,,,,,,,,
Cel-Let-7-P5,cel-let-7,LET-7,GAGGUAG,MIMAT0000001,MIMAT0015091,chrX,14744191,14744255,-,Chromadorea,Bilateria,,No,,,,,,,,,
Cel-Let-7-P6,cel-mir-84,LET-7,GAGGUAG,MIMAT0000057,MIMAT0015110,chrX,16022410,16022470,-,Chromadorea,Bilateria,,No,,,,,,,,,
Cel-Let-7-P7,cel-mir-241,LET-7,GAGGUAG,MIMAT0000297,MIMAT0020335,chrV,14366203,14366268,-,Caenorhabditis,Bilateria,,No,,,,,,,,,
Cel-Let-7-P8,cel-mir-48,LET-7,GAGGUAG,MIMAT0000019,MIMAT0015098,chrV,14364435,14364494,-,Caenorhabditis,Bilateria,,No,,,,,,,,,
Cel-Let-7-P9,cel-mir-795,LET-7,GAGGUAG,MIMAT0004230,MIMAT0020353,chrI,12594583,12594643,+,C. elegans,Bilateria,,No,,,,,,,,,
Cel-Mir-1,cel-mir-1,MIR-1,GGAAUGU,MIMAT0020301,MIMAT0000003,chrI,6172677,6172737,-,Bilateria,Bilateria,,No,,,,,,,,,
Cel-Mir-2-o3,cel-mir-2,MIR-2,AUCACAG,MIMAT0020302,MIMAT0000004,chrI,9372783,9372846,-,Caenorhabditis,Protostomia,,No,,,,,,,,,
Cel-Mir-2-o4,cel-mir-43,MIR-2,AUCACAG,MIMAT0020308,MIMAT0000014,chrII,11889930,11889992,+,Caenorhabditis,Protostomia,,No,,,,,,,,,
Cel-Mir-2-o5,cel-mir-797,MIR-2,UUUCAUU,MIMAT0004232,MIMAT0015241,chrX,4757123,4757186,+,C. elegans,Protostomia,,No,,,,,,,,,
Cel-Mir-2-P11,cel-mir-250,MIR-2,AUCACAG,MIMAT0020339,MIMAT0000306,chrV,11769936,11769998,-,Chromadorea,Protostomia,,No,,,,,,,,,
Cel-Mir-8,cel-mir-236,MIR-8,AAUACUG,MIMAT0020332,MIMAT0000291,chrII,7030195,7030259,-,Nephrozoa,Nephrozoa,,No,1.0,,,,,,,,
Cel-Mir-9-P14,cel-mir-75,MIR-9,UAAAGCU,MIMAT0015108,MIMAT0000047,chrX,2372475,2372534,+,Caenorhabditis,Bilateria,,No,,,,,,,,,
Cel-Mir-9-P15,cel-mir-79,MIR-9,UAAAGCU,MIMAT0020322,MIMAT0000051,chrI,9332964,9333027,+,Caenorhabditis,Bilateria,,No,,,,,,,,,
Cel-Mir-9-P16,cel-mir-244,MIR-9,CUUUGGU,MIMAT0000300,MIMAT0015118,chrI,4684336,4684399,-,Caenorhabditis,Bilateria,,No,,,,,,,,,
Cel-Mir-10-P1,cel-mir-57,MIR-10,ACCCUGU,MIMAT0000029,MIMAT0020314,chrII,7850522,7850582,-,Bilateria,Eumetazoa,,No,,,,,,,,,
Cel-Mir-10-P2,cel-mir-51,MIR-10,ACCCGUA,MIMAT0000022,MIMAT0015099,chrIV,11026035,11026096,-,Bilateria,Eumetazoa,,No,,,,,,,,,
Cel-Mir-10-P3m,cel-lin-4,MIR-10,CCCUGAG,MIMAT0000002,MIMAT0015092,chrII,5902269,5902329,+,Caenorhabditis,Eumetazoa,,No,1.0,1.0,,,,,,,
Cel-Mir-10-P3n,cel-mir-237,MIR-10,CCCUGAG,MIMAT0000292,MIMAT0020333,chrX,8154099,8154157,+,Caenorhabditis,Eumetazoa,,No,,,,,,,,,
Cel-Mir-22-P2,cel-mir-1822,MIR-22,AGCUGCC,MIMAT0015266,MIMAT0006589,chrII,6015552,6015612,+,Bilateria,Bilateria,,No,,,,,,,,,
Cel-Mir-29-P1,cel-mir-83,MIR-29,AGCACCA,MIMAT0020775,MIMAT0000056,chrIV,7841647,7841712,+,Bilateria,Bilateria,,No,,,,,,,,,
Cel-Mir-29-P2,cel-mir-49,MIR-29,AGCACCA,MIMAT0020309,MIMAT0000020,chrX,9989302,9989363,+,Bilateria,Bilateria,,No,,,,,,,,,
Cel-Mir-31,cel-mir-72,MIR-31,GGCAAGA,MIMAT0000044,MIMAT0020318,chrII,2452854,2452919,+,Bilateria,Bilateria,,No,,,,,,,,,
Cel-Mir-34,cel-mir-34,MIR-34,GGCAGUG,MIMAT0000005,MIMAT0015093,chrX,2969775,2969833,-,Bilateria,Bilateria,,No,,,,,,,,,
Cel-Mir-36-P1,cel-mir-35,MIR-36,CACCGGG,MIMAT0020303,MIMAT0000006,chrII,11537629,11537689,+,C. elegans,Protostomia,,No,,,,,,,,,
Cel-Mir-36-P2,cel-mir-36,MIR-36,CACCGGG,MIMAT0020304,MIMAT0000007,chrII,11537732,11537794,+,C. elegans,Protostomia,,No,,,,,,,,,
Cel-Mir-36-P3,cel-mir-37,MIR-36,CACCGGG,MIMAT0015094,MIMAT0000008,chrII,11537854,11537914,+,C. elegans,Protostomia,,No,,,,,,,,,
Cel-Mir-36-P4,cel-mir-38,MIR-36,CACCGGG,MIMAT0020305,MIMAT0000009,chrII,11537949,11538011,+,C. elegans,Protostomia,,No,,,,,,,,,
Cel-Mir-36-P5,cel-mir-39,MIR-36,CACCGGG,MIMAT0020306,MIMAT0000010,chrII,11538103,11538164,+,C. elegans,Protostomia,,No,,,1.0,,,,,,
Cel-Mir-36-P6,cel-mir-40,MIR-36,CACCGGG,MIMAT0020307,MIMAT0000011,chrII,11538199,11538260,+,C. elegans,Protostomia,,No,,,,,,,,,
Cel-Mir-36-P7,cel-mir-41,MIR-36,CACCGGG,MIMAT0020770,MIMAT0000012,chrII,11538324,11538389,+,C. elegans,Protostomia,,No,,,,,,,,,
Cel-Mir-36-P8,cel-mir-42,MIR-36,CACCGGG,MIMAT0015095,MIMAT0000013,chrII,11889823,11889891,+,C. elegans,Protostomia,,No,,,,,,,,,
Cel-Mir-52-P1,cel-mir-52,MIR-52,ACCCGUA,MIMAT0000023,MIMAT0020311,chrIV,14034024,14034086,+,Caenorhabditis,Caenorhabditis,,No,,,,,,,,,
Cel-Mir-52-P2,cel-mir-53,MIR-52,ACCCGUA,MIMAT0000024,MIMAT0020312,chrIV,11027614,11027676,-,Caenorhabditis,Caenorhabditis,,No,,,,,,,,,
Cel-Mir-54-P1,cel-mir-54,MIR-54,ACCCGUA,MIMAT0020773,MIMAT0000025,chrX,13145011,13145076,-,Caenorhabditis,Chromadorea,,No,,,,,,,,,
Cel-Mir-54-P2,cel-mir-55,MIR-54,ACCCGUA,MIMAT0020313,MIMAT0000026,chrX,13144842,13144902,-,Caenorhabditis,Chromadorea,,No,,,,,,,,,
Cel-Mir-54-P3,cel-mir-56,MIR-54,ACCCGUA,MIMAT0000027,MIMAT0000028,chrX,13144706,13144770,-,Caenorhabditis,Chromadorea,,No,,,,,,,,,
Cel-Mir-59,cel-mir-59,MIR-59,CGAAUCG,MIMAT0015101,MIMAT0000031,chrIV,11309169,11309234,-,C. elegans,C. elegans,,No,,,,,,,,,
Cel-Mir-62,cel-mir-62,MIR-62,GAUAUGU,,MIMAT0000034,chrX,12692608,12692665,+,Caenorhabditis,Caenorhabditis,,No,,,,,,,,,
Cel-Mir-63,cel-mir-63,MIR-63,AUGACAC,MIMAT0015104,MIMAT0000035,chrX,17598785,17598849,-,C. elegans,C. elegans,,No,,,,,,,,,
Cel-Mir-64-P1,cel-mir-64,MIR-64,AUGACAC,MIMAT0000036,MIMAT0015105,chrIII,2172869,2172936,+,C. elegans,Caenorhabditis,,No,,,,,,,,,
Cel-Mir-64-P2,cel-mir-65,MIR-64,AUGACAC,MIMAT0000037,MIMAT0015106,chrIII,2173019,2173080,+,C. elegans,Caenorhabditis,,No,,,,,,,,,
Cel-Mir-64-P3,cel-mir-66,MIR-64,AUGACAC,MIMAT0000038,MIMAT0020315,chrIII,2173124,2173188,+,C. elegans,Caenorhabditis,,No,,,,,,,,,
Cel-Mir-67,cel-mir-67,MIR-67,CACAACC,MIMAT0020316,MIMAT0000039,chrIII,5931364,5931428,-,Protostomia,Protostomia,,No,,,,,,,,,
Cel-Mir-70,cel-mir-70,MIR-70,AAUACGU,MIMAT0020317,MIMAT0000042,chrV,6665552,6665611,-,Caenorhabditis,Caenorhabditis,,No,,,,,,,,,
Cel-Mir-71,cel-mir-71,MIR-71,GAAAGAC,MIMAT0000043,MIMAT0015107,chrI,9379947,9380005,-,Nephrozoa,Nephrozoa,,No,,,,,,,,,
Cel-Mir-73-P1,cel-mir-73,MIR-73,GGCAAGA,MIMAT0020319,MIMAT0000045,chrX,2368787,2368848,+,Caenorhabditis,Caenorhabditis,,No,,,1.0,,,,,,
Cel-Mir-73-P2,cel-mir-74,MIR-73,GGCAAGA,MIMAT0020320,MIMAT0000046,chrX,2369062,2369124,+,Caenorhabditis,Caenorhabditis,,No,,,,,,,,,
Cel-Mir-76,cel-mir-76,MIR-76,UCGUUGU,MIMAT0020321,MIMAT0000048,chrIII,3142060,3142126,+,Nephrozoa,Nephrozoa,,No,,,,,,,,,
Cel-Mir-77,cel-mir-77,MIR-77,UCAUCAG,MIMAT0020774,MIMAT0000049,chrII,12519291,12519350,+,Chromadorea,Chromadorea,,No,,,,,,,,,
Cel-Mir-85,cel-mir-85,MIR-85,ACAAAGU,MIMAT0020324,MIMAT0000058,chrII,8393575,8393640,+,Caenorhabditis,Caenorhabditis,,No,,,,,,,,,
Cel-Mir-86,cel-mir-86,MIR-86,AAGUGAA,MIMAT0000059,MIMAT0020776,chrIII,11936654,11936719,-,Chromadorea,Chromadorea,,No,,,,,,,,,
Cel-Mir-87-o1,cel-mir-87,MIR-87,UGAGCAA,MIMAT0020325,MIMAT0000060,chrV,12038700,12038765,-,Caenorhabditis,Protostomia,,No,,,,,,,,,
Cel-Mir-87-o2,cel-mir-233,MIR-87,UGAGCAA,MIMAT0020329,MIMAT0000288,chrX,12078602,12078666,-,Caenorhabditis,Protostomia,,No,,,,,,,,,
Cel-Mir-90,cel-mir-90,MIR-90,GAUAUGU,MIMAT0020326,MIMAT0000061,chrIII,8874001,8874069,-,Caenorhabditis,Caenorhabditis,,No,,,,,,,,,
Cel-Mir-92,cel-mir-235,MIR-92,AUUGCAC,MIMAT0020331,MIMAT0000290,chrI,6162306,6162369,-,Bilateria,Bilateria,,No,,,,,,,,,
Cel-Mir-96-P2,cel-mir-790,MIR-96,UUGGCAC,MIMAT0004225,MIMAT0020349,chrIV,5566427,5566488,+,Bilateria,Bilateria,,No,,,,,,,,,
Cel-Mir-96-P3,cel-mir-228,MIR-96,AUGGCAC,MIMAT0000283,MIMAT0020327,chrIV,5562040,5562103,+,Bilateria,Bilateria,,No,,,,,,,,,
Cel-Mir-124,cel-mir-124,MIR-124,AAGGCAC,MIMAT0015111,MIMAT0000282,chrIV,11871755,11871818,+,Bilateria,Bilateria,,No,,,1.0,,,,,,
Cel-Mir-133,cel-mir-245,MIR-133,UUGGUCC,MIMAT0020336,MIMAT0000301,chrI,7887390,7887452,+,Bilateria,Bilateria,,No,,,,,,,,,
Cel-Mir-137,cel-mir-234,MIR-137,UAUUGCU,MIMAT0020330,MIMAT0000289,chrII,14466278,14466343,-,Bilateria,Bilateria,,No,,,,,,,,,
Cel-Mir-190,cel-mir-50,MIR-190,GAUAUGU,MIMAT0000021,MIMAT0020310,chrI,1738650,1738713,+,Bilateria,Bilateria,,No,1.0,,,,,,,,
Cel-Mir-193-P1 V,cel-mir-240,MIR-193,UACUGGC,MIMAT0015116,MIMAT0000296,chrX,7882643,7882703,+,Bilateria,Bilateria,2.0,No,,,,,,,,,
Cel-Mir-193-P2 V,cel-mir-786,MIR-193,AAUGCCC,MIMAT0015239,MIMAT0004221,chrX,7882766,7882826,+,Bilateria,Bilateria,2.0,No,,,,,,,,,
Cel-Mir-216-P2,cel-mir-259,MIR-216,AAUCUCA,MIMAT0000314,MIMAT0020342,chrV,10539046,10539107,-,Nephrozoa,Nephrozoa,,No,,,,,,,,,
Cel-Mir-229,cel-mir-229,MIR-229,AUGACAC,MIMAT0000284,MIMAT0015112,chrIII,2172459,2172561,+,C. elegans,C. elegans,,No,,,1.0,,,,,,
Cel-Mir-230,cel-mir-230,MIR-230,CUUGGUC,MIMAT0015113,MIMAT0000285,chrX,5803908,5803974,+,Caenorhabditis,Caenorhabditis,,No,,,,,,,,,
Cel-Mir-231,cel-mir-231,MIR-231,AAGCUCG,MIMAT0020328,MIMAT0000286,chrIII,7545072,7545138,-,Caenorhabditis,Caenorhabditis,,No,,,,,,,,,
Cel-Mir-238,cel-mir-238,MIR-238,UUGUACU,MIMAT0015114,MIMAT0000293,chrIII,8867343,8867410,-,Caenorhabditis,Caenorhabditis,,No,,,,,,,,,
Cel-Mir-242,cel-mir-242,MIR-242,UGCGUAG,MIMAT0000298,,chrIV,4274262,4274320,+,Nephrozoa,Nephrozoa,,No,,,,,,,,,
Cel-Mir-243,cel-mir-243,MIR-243,AUCUCGG,MIMAT0015117,MIMAT0000299,chrIV,4450798,4450861,+,C. elegans,C. elegans,,No,,,,,,,,,
Cel-Mir-246,cel-mir-246,MIR-246,UACAUGU,MIMAT0020337,MIMAT0000302,chrIV,10940152,10940215,+,Caenorhabditis,Caenorhabditis,,No,,,,,,,,,
Cel-Mir-248 V,cel-mir-248,MIR-248,UACACGU,,MIMAT0000304,chrX,2262388,2262448,-,Caenorhabditis,Caenorhabditis,2.0,No,,,,,,,,,
Cel-Mir-249,cel-mir-249,MIR-249,CACAGGA,MIMAT0020338,MIMAT0000305,chrX,3006454,3006518,-,Caenorhabditis,Caenorhabditis,,No,,,,,,,,,
Cel-Mir-252-P1,cel-mir-251,MIR-252,UAAGUAG,MIMAT0000307,,chrX,11004746,11004806,+,Bilateria,Bilateria,,No,,,,,,,,,
Cel-Mir-252-P2,cel-mir-252,MIR-252,UAAGUAG,MIMAT0000308,MIMAT0020340,chrII,11446877,11446940,-,Bilateria,Bilateria,,No,,,,,,,,,
Cel-Mir-253,cel-mir-253,MIR-253,UAGUAGG,MIMAT0000309,MIMAT0004215,chrV,5780532,5780596,-,Caenorhabditis,Caenorhabditis,,No,,,,,,,,,
Cel-Mir-254,cel-mir-254,MIR-254,GCAAAUC,MIMAT0031891,MIMAT0000310,chrX,11333550,11333612,-,Caenorhabditis,Caenorhabditis,,No,1.0,,,,,,,,
Cel-Mir-255,cel-mir-255,MIR-255,AACUGAA,MIMAT0020341,MIMAT0004216,chrV,5440663,5440721,+,Caenorhabditis,Caenorhabditis,,No,,,,,,,,,
Cel-Mir-277,cel-mir-232,MIR-277,AAAUGCA,MIMAT0020777,MIMAT0000287,chrIV,10994184,10994248,-,Protostomia,Protostomia,,No,,,,,,,,,
Cel-Mir-279-P10,cel-mir-44,MIR-279,GACUAGA,MIMAT0020771,MIMAT0000015,chrII,11890038,11890103,+,Caenorhabditis,Protostomia,,No,,,,,,,,,
Cel-Mir-279-P11,cel-mir-45,MIR-279,GACUAGA,MIMAT0020772,MIMAT0000016,chrII,11880959,11881025,-,Caenorhabditis,Protostomia,,No,,,,,,,,,
Cel-Mir-279-P12,cel-mir-61,MIR-279,GACUAGA,MIMAT0015103,MIMAT0000033,chrV,11770076,11770132,-,Caenorhabditis,Protostomia,,No,,,1.0,,,,,,
Cel-Mir-279-P13,cel-mir-247,MIR-279,GACUAGA,MIMAT0015119,MIMAT0000303,chrX,4756991,4757052,+,Caenorhabditis,Protostomia,,No,,,,,,,,,
Cel-Mir-281-P3,cel-mir-46,MIR-281,GUCAUGG,MIMAT0015096,MIMAT0000017,chrIII,13660529,13660596,+,Caenorhabditis,Nephrozoa,,No,,,,,,,,,
Cel-Mir-281-P4,cel-mir-47,MIR-281,GUCAUGG,MIMAT0015097,MIMAT0000018,chrX,13921268,13921331,+,Caenorhabditis,Nephrozoa,,No,,,,,,,,,
Cel-Mir-305-P1,cel-mir-239a,MIR-305,UUGUACU,MIMAT0000294,MIMAT0020334,chrX,11792460,11792524,+,Caenorhabditis,Cryptovermes,,No,,,,,,,,,
Cel-Mir-305-P2,cel-mir-239b,MIR-305,UUGUACU,MIMAT0000295,MIMAT0015115,chrX,11791321,11791384,-,Caenorhabditis,Cryptovermes,,No,,,,,,,,,
Cel-Mir-315,cel-mir-1820,MIR-315,UUUGAUU,MIMAT0006587,MIMAT0020359,chrIV,7767483,7767548,+,Nephrozoa,Nephrozoa,,No,,,,,,,,,
Cel-Mir-355,cel-mir-355,MIR-355,UUGUUUU,MIMAT0000697,MIMAT0031895,chrII,11833564,11833623,-,Caenorhabditis,Caenorhabditis,,No,,,,,,,,,
Cel-Mir-357,cel-mir-357,MIR-357,AAUGCCA,MIMAT0020343,MIMAT0000699,chrV,8580565,8580627,-,Caenorhabditis,Caenorhabditis,,No,,,,,,,,,
Cel-Mir-358 V,cel-mir-358,MIR-358,UUGGUAU,MIMAT0015120,MIMAT0000700,chrV,8580880,8580948,-,Caenorhabditis,Caenorhabditis,2.0,No,,,,,,,,,
Cel-Mir-375,cel-mir-356b,MIR-375,UUGUUCG,MIMAT0022311,MIMAT0022312,chrIII,7860167,7860234,-,Nephrozoa,Nephrozoa,,No,,,,,,,,,
Cel-Mir-392 V,cel-mir-392,MIR-392,UCAUCGA,MIMAT0020344,MIMAT0000768,chrX,13597261,13597319,+,Caenorhabditis,Caenorhabditis,2.0,No,,,,,,,,,
Cel-Mir-784,cel-mir-784,MIR-784,GGCACAA,MIMAT0004219,MIMAT0020347,chrX,8074934,8074996,-,Caenorhabditis,Caenorhabditis,,No,,,,,,,,,
Cel-Mir-785,cel-mir-785,MIR-785,AAGUGAA,MIMAT0032015,MIMAT0004220,chrX,3004687,3004747,+,Caenorhabditis,Caenorhabditis,,No,,,,,,,,,
Cel-Mir-787,cel-mir-787,MIR-787,AAGCUCG,MIMAT0020348,MIMAT0004222,chrX,11294724,11294783,+,Caenorhabditis,Caenorhabditis,,No,1.0,,,,,,,,
Cel-Mir-788 V,cel-mir-788,MIR-788,GAAAUGG,MIMAT0004223,MIMAT0015240,chrX,8485301,8485362,-,Caenorhabditis,Caenorhabditis,2.0,No,1.0,,,,,,,,
Cel-Mir-789-P1,cel-mir-789-1,MIR-789,AUUGAUG,MIMAT0032016,MIMAT0004224,chrIV,16740708,16740773,-,C. elegans,Caenorhabditis,,No,,,,,,,,,
Cel-Mir-789-P2,cel-mir-789-2,MIR-789,AUUGAUG,MIMAT0032017,MIMAT0004224,chrIV,17309322,17309387,-,C. elegans,Caenorhabditis,,No,,,,,,,,,
Cel-Mir-791,cel-mir-791,MIR-791,UUGGCAC,MIMAT0020350,MIMAT0004226,chrX,5809361,5809423,+,Chromadorea,Chromadorea,,No,,,1.0,,,,,,
Cel-Mir-792,cel-mir-792,MIR-792,UGAAAUC,MIMAT0020351,MIMAT0004227,chrV,3042105,3042166,-,C. elegans,C. elegans,,No,,,,,,,,,
Cel-Mir-794,cel-mir-794,MIR-794,GAGGUAA,MIMAT0004229,MIMAT0020352,chrI,12595704,12595762,+,C. elegans,C. elegans,,No,,,,,,,,,
Cel-Mir-796,cel-mir-796,MIR-796,GGAAUGU,MIMAT0004231,,chrX,1798941,1799001,-,C. elegans,C. elegans,,No,,,,,,,,,
Cel-Mir-799,cel-mir-799,MIR-799,GAACCCU,,MIMAT0004234,chrX,8600657,8600718,-,C. elegans,C. elegans,,No,,,,,,,,,
Cel-Mir-800,cel-mir-800,MIR-800,GACAAUU,MIMAT0020354,MIMAT0004235,chrX,380925,380983,-,C. elegans,C. elegans,,No,,,1.0,,,,,,
Cel-Mir-1817,cel-mir-1817,MIR-1817,AGCCAAU,MIMAT0006584,,chrI,10869388,10869454,-,Caenorhabditis,Caenorhabditis,,No,,,,,,,,,
Cel-Mir-1819,cel-mir-1819,MIR-1819,GGAAUGA,MIMAT0020358,MIMAT0006586,chrX,16207966,16208026,+,C. elegans,C. elegans,,No,,,,,,,,,
Cel-Mir-1821,cel-mir-1821,MIR-1821,GAGGUCU,MIMAT0032034,MIMAT0006588,chrV,3042552,3042613,-,C. elegans,C. elegans,,No,,,,,,,,,
Cel-Mir-1823 V,cel-mir-1823,MIR-1823,ACUGGAA,MIMAT0032035,MIMAT0006590,chrI,12608635,12608692,+,C. elegans,C. elegans,2.0,No,,,,,,,,,
Cel-Mir-1829-P1,cel-mir-1829a,MIR-1829,AGGGGAC,MIMAT0015267,MIMAT0006769,chrX,15588311,15588370,-,C. elegans,C. elegans,,No,,,,,,,,,
Cel-Mir-1829-P2,cel-mir-1829b,MIR-1829,AGCGAUC,MIMAT0006770,MIMAT0032037,chrX,14977119,14977178,+,C. elegans,C. elegans,,No,,,,,,,,,
Cel-Mir-1829-P3,cel-mir-1829c,MIR-1829,AGCGAAA,MIMAT0006771,MIMAT0032038,chrX,15236364,15236423,-,C. elegans,C. elegans,,No,,,,,,,,,
Cel-Mir-1829-P4,cel-mir-4812,MIR-1829,AGAGCGC,MIMAT0019998,MIMAT0019999,chrX,15242784,15242843,-,C. elegans,C. elegans,,No,,,,,,,,,
Cel-Mir-1830,cel-mir-1830,MIR-1830,CUAGGAA,MIMAT0006772,MIMAT0020778,chrII,4371838,4371907,-,C. elegans,C. elegans,,No,1.0,,,,,,,,
Cel-Mir-1832-P1,cel-mir-1832a,MIR-1832,GGGCGGA,MIMAT0032039,MIMAT0006774,chrIII,11829248,11829311,+,C. elegans,C. elegans,,No,,,,,,,,,
Cel-Mir-1832-P2,cel-mir-1832b,MIR-1832,GUGGGCA,MIMAT0011449,MIMAT0011450,chrIV,17092861,17092927,-,C. elegans,C. elegans,,No,,1.0,,,,,,,
Cel-Mir-1993,cel-mir-60,MIR-1993,AUUAUGC,MIMAT0015102,MIMAT0000032,chrII,6328717,6328778,-,Protostomia,Protostomia,,No,,,,,,,,,
Cel-Mir-2001,cel-mir-360,MIR-2001,UGUGACC,MIMAT0015121,MIMAT0000702,chrX,5919174,5919235,+,Bilateria,Bilateria,,No,,,,,,,,,
Cel-Mir-2208-P1,cel-mir-2208a,MIR-2208,AGUGUAC,MIMAT0011427,MIMAT0011428,chrIV,1021772,1021832,+,C. elegans,C. elegans,,No,,,,,,,,,
Cel-Mir-2208-P2,cel-mir-2208b,MIR-2208,AGUGUAC,MIMAT0011429,MIMAT0011430,chrIV,1026580,1026640,+,C. elegans,C. elegans,,No,,,,,,,,,
Cel-Mir-2210,cel-mir-2210,MIR-2210,AAAGUCG,MIMAT0011435,MIMAT0011436,chrIV,10914618,10914678,+,C. elegans,C. elegans,,No,,,,,,,,,
Cel-Mir-2218-P1,cel-mir-2218a,MIR-2218,GGCCAGA,MIMAT0011455,MIMAT0011456,chrI,13812596,13812655,+,C. elegans,C. elegans,,No,1.0,,,,,,,,
Cel-Mir-2218-P2,cel-mir-2218b,MIR-2218,AAUUUGU,MIMAT0011457,MIMAT0011458,chrI,13834876,13834941,-,C. elegans,C. elegans,,No,,,,,,,,,
Cel-Mir-2221,cel-mir-2221,MIR-2221,AAGUGAU,,MIMAT0011463,chrX,1390879,1390939,+,C. elegans,C. elegans,,No,,,,,,,,,
Cel-Mir-2953,cel-mir-2953,MIR-2953,GAUCACU,MIMAT0014446,MIMAT0014447,chrII,6747182,6747242,+,C. elegans,C. elegans,,No,,,,,,,,,
Cel-Mir-4806,cel-mir-4806,MIR-4806,ACUUACC,MIMAT0019988,MIMAT0019989,chrII,12346312,12346365,-,C. elegans,C. elegans,,No,,,,,,,,,
Cel-Mir-4808,cel-mir-4808,MIR-4808,AGCUCUA,MIMAT0019991,MIMAT0019992,chrX,1872952,1873008,+,C. elegans,C. elegans,,No,,,,,,,,,
Cel-Mir-4813,cel-mir-4813,MIR-4813,GACUAUC,MIMAT0020000,MIMAT0020001,chrIII,4571648,4571707,+,Caenorhabditis,Caenorhabditis,,No,,,,,,,,,
Cel-Mir-4814,cel-mir-4814,MIR-4814,GGGCAAA,MIMAT0020002,MIMAT0020003,chrIII,13728430,13728495,-,C. elegans,C. elegans,,No,,,,,,,,,
Cel-Mir-5594,cel-mir-5594,MIR-5594,AGAGUAC,MIMAT0022309,MIMAT0022310,chrII,11865130,11865187,-,C. elegans,C. elegans,,No,1.0,,,,,,,,
