Unnamed: 0_level_0,Unnamed: 1_level_0,Unnamed: 2_level_0,Unnamed: 3_level_0,Unnamed: 4_level_0,Unnamed: 5_level_0,Sort by genome coordinates,Sort by genome coordinates,Sort by genome coordinates,Sort by genome coordinates,Unnamed: 10_level_0,Unnamed: 11_level_0,Unnamed: 12_level_0,Unnamed: 13_level_0,Motifs,Motifs,Motifs,Tissue expression -  +,Tissue expression -  +,Tissue expression -  +,Tissue expression -  +,Tissue expression -  +,Tissue expression -  +,Tissue expression -  +
MirGeneDB ID ▲,MiRBase ID,Family,Seed,5p accession,3p accession,Chromosome,Start,End,Strand,Node of origin (locus),Node of origin (family),Iso­miR,3' NTU,UG,UGUG,CNNC,Bo,He,He.1,La,Ov,Sa,Wh
Dme-Bantam,dme-bantam,BANTAM,GAGAUCA,MIMAT0020823,MIMAT0000365,3L,642222,642281,+,Protostomia,Protostomia,,No,,,,,,,,,,
Dme-Iab-4,dme-mir-iab-4,IAB-4,CGUAUAC,MIMAT0000412,MIMAT0000413,3R,16856281,16856337,+,Arthropoda,Arthropoda,,No,,1.0,1.0,,,,,,,
Dme-Iab-4-as,dme-mir-iab-8,IAB-4,UACGUAU,MIMAT0005463,MIMAT0005464,3R,16856278,16856337,-,Pancrustacea,Arthropoda,,No,,,1.0,,,,,,,
Dme-Let-7,dme-let-7,LET-7,GAGGUAG,MIMAT0000396,MIMAT0020830,2L,18472044,18472103,+,Bilateria,Bilateria,,No,,,1.0,,,,,,,
Dme-Mir-1,dme-mir-1,MIR-1,GGAAUGU,MIMAT0020779,MIMAT0000105,2L,20487458,20487517,+,Bilateria,Bilateria,,No,,,1.0,,,,,,,
Dme-Mir-2-P1 V,dme-mir-2c,MIR-2,CACAGCC,MIMAT0020845,MIMAT0000411,3R,15417760,15417826,-,Arthropoda,Protostomia,2.0,No,,,,,,,,,,
Dme-Mir-2-P2a,dme-mir-13a,MIR-2,AUCACAG,MIMAT0020795,MIMAT0000118,3R,15417547,15417609,-,Neoptera,Protostomia,,No,,,1.0,,,,,,,
Dme-Mir-2-P2b1,dme-mir-13b-1,MIR-2,AUCACAG,MIMAT0020796,MIMAT0000119,3R,15417411,15417470,-,Drosophila,Protostomia,,No,,,1.0,,,,,,,
Dme-Mir-2-P2b2,dme-mir-13b-2,MIR-2,AUCACAG,MIMAT0020797,MIMAT0000119,X,9091237,9091297,+,Drosophila,Protostomia,,No,1.0,,1.0,,,,,,,
Dme-Mir-2-P3a,dme-mir-2b-1,MIR-2,AUCACAG,MIMAT0020782,MIMAT0000107,2L,8258622,8258684,-,Glossinidae + Drosophilidae,Protostomia,,No,,,1.0,,,,,,,
Dme-Mir-2-P3b,dme-mir-2b-2,MIR-2,AUCACAG,MIMAT0020783,MIMAT0000107,2L,19570188,19570256,-,Glossinidae + Drosophilidae,Protostomia,,No,,,,,,,,,,
Dme-Mir-2-P4a V,dme-mir-2a-1,MIR-2,AUCACAG,MIMAT0020780,MIMAT0000106,2L,19569901,19569966,-,Glossinidae + Drosophilidae,Protostomia,2.0,No,,,1.0,,,,,,,
Dme-Mir-2-P4b V,dme-mir-2a-2,MIR-2,AUCACAG,MIMAT0020781,MIMAT0000106,2L,19569495,19569554,-,Glossinidae + Drosophilidae,Protostomia,2.0,No,,,,,,,,,,
Dme-Mir-2-P5,dme-mir-5,MIR-2,AAGGAAC,MIMAT0000110,MIMAT0020786,2R,19661162,19661222,-,Pancrustacea,Protostomia,,No,,,1.0,,,,,,,
Dme-Mir-2-P6a,dme-mir-6-1,MIR-2,AUCACAG,MIMAT0020787,MIMAT0000111,2R,19661012,19661074,-,Drosophila,Protostomia,,No,,,1.0,,,,,,,
Dme-Mir-2-P6b,dme-mir-6-2,MIR-2,AUCACAG,MIMAT0020788,MIMAT0000111,2R,19660874,19660935,-,Drosophila,Protostomia,,No,,,1.0,,,,,,,
Dme-Mir-2-P6c,dme-mir-6-3,MIR-2,AUCACAG,MIMAT0020789,MIMAT0000111,2R,19660722,19660787,-,Drosophila,Protostomia,,No,,,1.0,,,,,,,
Dme-Mir-2-P7,dme-mir-11,MIR-2,AUCACAG,MIMAT0020793,MIMAT0000116,3R,21622503,21622563,-,Neoptera,Protostomia,,No,1.0,,,,,,,,,
Dme-Mir-2-P8 V,dme-mir-308,MIR-2,GCAGUAU,MIMAT0020833,MIMAT0000399,2R,14215802,14215862,-,Aparaglossata,Protostomia,2.0,No,,,1.0,,,,,,,
Dme-Mir-2-P9 V,dme-mir-994,MIR-2,UAAGGAA,MIMAT0005513,MIMAT0020894,3R,10408148,10408216,+,Glossinidae + Drosophilidae,Protostomia,2.0,No,,,,,,,,,,
Dme-Mir-3-P1,dme-mir-309,MIR-3,CACUGGG,MIMAT0020835,MIMAT0000401,2R,19661710,19661768,-,Drosophila,Pancrustacea,,No,,,,,,,,,,
Dme-Mir-3-P2,dme-mir-3,MIR-3,CACUGGG,MIMAT0020784,MIMAT0000108,2R,19661600,19661656,-,Drosophila,Pancrustacea,,No,,,1.0,,,,,,,
Dme-Mir-3-P3,dme-mir-318,MIR-3,CACUGGG,MIMAT0020844,MIMAT0000410,3R,10408308,10408365,+,Drosophila,Pancrustacea,,No,,,1.0,,,,,,,
Dme-Mir-7,dme-mir-7,MIR-7,GGAAGAC,MIMAT0000112,MIMAT0020790,2R,20606081,20606142,+,Bilateria,Bilateria,,No,,,1.0,,,,,,,
Dme-Mir-8,dme-mir-8,MIR-8,AAUACUG,MIMAT0020791,MIMAT0000113,2R,16831447,16831506,+,Nephrozoa,Nephrozoa,,No,,,1.0,,,,,,,
Dme-Mir-9-P9,dme-mir-4,MIR-9,UAAAGCU,MIMAT0020785,MIMAT0000109,2R,19661300,19661356,-,Pancrustacea,Bilateria,,No,,,1.0,,,,,,,
Dme-Mir-9-P10,dme-mir-9a,MIR-9,CUUUGGU,MIMAT0000114,MIMAT0020792,3L,19565140,19565200,+,Pancrustacea,Bilateria,,No,,1.0,1.0,,,,,,,
Dme-Mir-9-P11,dme-mir-9c,MIR-9,CUUUGGU,MIMAT0000392,MIMAT0020828,2L,16697936,16698005,+,Neoptera,Bilateria,,No,,,,,,,,,,
Dme-Mir-9-P12 V,dme-mir-79,MIR-9,AAAGCUA,MIMAT0020814,MIMAT0000352,2L,16698572,16698634,+,Neoptera,Bilateria,2.0,No,,,,,,,,,,
Dme-Mir-9-P13,dme-mir-9b,MIR-9,CUUUGGU,MIMAT0000395,MIMAT0020829,2L,16698758,16698820,+,Neoptera,Bilateria,,No,1.0,1.0,,,,,,,,
Dme-Mir-10-P1,dme-mir-10,MIR-10,CCCUGUA,MIMAT0000115,MIMAT0012531,3R,6809512,6809574,-,Bilateria,Eumetazoa,,No,,,1.0,,,,,,,
Dme-Mir-10-P2,dme-mir-100,MIR-10,ACCCGUA,MIMAT0000357,MIMAT0020818,2L,18471445,18471505,+,Bilateria,Eumetazoa,,No,,,,,,,,,,
Dme-Mir-10-P3,dme-mir-125,MIR-10,CCCUGAG,MIMAT0000397,MIMAT0020831,2L,18472343,18472402,+,Bilateria,Eumetazoa,,No,,,,,,,,,,
Dme-Mir-10-P4,dme-mir-993,MIR-10,AAGCUCG,MIMAT0020893,MIMAT0005512,3R,6776348,6776439,+,Protostomia,Eumetazoa,,No,,,1.0,,,,,,,
Dme-Mir-12,dme-mir-12,MIR-12,GAGUAUU,MIMAT0000117,MIMAT0020794,X,15509479,15509542,+,Protostomia,Protostomia,,No,,1.0,,,,,,,,
Dme-Mir-14,dme-mir-14,MIR-14,CAGUCUU,MIMAT0020798,MIMAT0000120,2R,9553765,9553823,+,Neoptera,Neoptera,,No,,1.0,1.0,,,,,,,
Dme-Mir-22-P2,dme-mir-980,MIR-22,AGCUGCC,MIMAT0020877,MIMAT0005496,X,280188,280254,-,Bilateria,Bilateria,,No,,,1.0,,,,,,,
Dme-Mir-29-P1,dme-mir-285,MIR-29,AGCACCA,MIMAT0020817,MIMAT0000356,3L,11946106,11946179,-,Bilateria,Bilateria,,No,,,1.0,,,,,,,
Dme-Mir-29-P2g,dme-mir-995,MIR-29,AGCACCA,MIMAT0010206,MIMAT0005514,3R,20735938,20735997,+,Neoptera,Bilateria,,No,,,1.0,,,,,,,
Dme-Mir-29-P2h,dme-mir-998,MIR-29,AGCACCA,MIMAT0020898,MIMAT0005518,3R,21621902,21621998,-,Neoptera,Bilateria,,No,,,,,,,,,,
Dme-Mir-31-P1,dme-mir-31a,MIR-31,GGCAAGA,MIMAT0000400,MIMAT0020834,2R,17783806,17783873,-,Glossinidae + Drosophilidae,Bilateria,,No,,,1.0,,,,,,,
Dme-Mir-31-P2,dme-mir-31b,MIR-31,GGCAAGA,MIMAT0000389,MIMAT0020825,X,8993317,8993418,-,Glossinidae + Drosophilidae,Bilateria,,No,,,,,,,,,,
Dme-Mir-33,dme-mir-33,MIR-33,UGCAUUG,MIMAT0000342,MIMAT0020808,3L,19797986,19798046,+,Bilateria,Bilateria,,No,,1.0,1.0,,,,,,,
Dme-Mir-34,dme-mir-34,MIR-34,GGCAGUG,MIMAT0000350,MIMAT0020812,3R,10100952,10101025,+,Bilateria,Bilateria,,No,,,,,,,,,,
Dme-Mir-67 V,dme-mir-307a,MIR-67,CACAACC,MIMAT0020832,MIMAT0000398,2R,9621261,9621326,-,Protostomia,Protostomia,3.0,No,,,1.0,,,,,,,
Dme-Mir-76,dme-mir-981,MIR-76,UCGUUGU,MIMAT0020878,MIMAT0005497,X,1788876,1788939,-,Nephrozoa,Nephrozoa,,No,,,1.0,,,,,,,
Dme-Mir-87-P2 V,dme-mir-87,MIR-87,UGAGCAA,MIMAT0020821,MIMAT0000361,2L,9950433,9950504,-,Protostomia,Protostomia,2.0,No,,,1.0,,,,,,,
Dme-Mir-92-P3,dme-mir-92a,MIR-92,AUUGCAC,MIMAT0020802,MIMAT0000334,3R,25646522,25646581,+,Pancrustacea,Bilateria,,No,,,1.0,,,,,,,
Dme-Mir-92-P4,dme-mir-92b,MIR-92,AUUGCAC,MIMAT0020819,MIMAT0000358,3R,25651416,25651478,+,Pancrustacea,Bilateria,,No,,,1.0,,,,,,,
Dme-Mir-92-P5,dme-mir-310,MIR-92,AUUGCAC,MIMAT0020836,MIMAT0000402,2R,20583766,20583825,-,Drosophila,Bilateria,,No,,,1.0,,,,,,,
Dme-Mir-92-P6,dme-mir-311,MIR-92,AUUGCAC,MIMAT0020837,MIMAT0000403,2R,20583888,20583946,-,Drosophila,Bilateria,,No,,,1.0,,,,,,,
Dme-Mir-92-P7,dme-mir-312,MIR-92,AUUGCAC,MIMAT0020838,MIMAT0000404,2R,20584058,20584117,-,Drosophila,Bilateria,,No,,,,,,,,,,
Dme-Mir-92-P8,dme-mir-313,MIR-92,AUUGCAC,MIMAT0020839,MIMAT0000405,2R,20584194,20584254,-,Drosophila,Bilateria,,No,,,,,,,,,,
Dme-Mir-96-P2,dme-mir-263b,MIR-96,UUGGCAC,MIMAT0000362,MIMAT0020822,3L,15843420,15843480,-,Bilateria,Bilateria,,No,1.0,,,,,,,,,
Dme-Mir-96-P3,dme-mir-263a,MIR-96,AUGGCAC,MIMAT0000319,MIMAT0020799,2L,11953424,11953486,-,Bilateria,Bilateria,,No,,,1.0,,,,,,,
Dme-Mir-124,dme-mir-124,MIR-124,AAGGCAC,MIMAT0020813,MIMAT0000351,2L,17566392,17566447,+,Bilateria,Bilateria,,No,,,,,,,,,,
Dme-Mir-133,dme-mir-133,MIR-133,UGGUCCC,MIMAT0020806,MIMAT0000340,2L,20616635,20616694,+,Bilateria,Bilateria,,No,,,1.0,,,,,,,
Dme-Mir-137,dme-mir-137,MIR-137,AUUGCUU,MIMAT0020888,MIMAT0005507,2R,16065270,16065329,-,Bilateria,Bilateria,,No,,,1.0,,,,,,,
Dme-Mir-184,dme-mir-184,MIR-184,GGACGGA,MIMAT0000330,MIMAT0000331,2R,13329420,13329480,-,Nephrozoa,Nephrozoa,,No,,1.0,,,,,,,,
Dme-Mir-190,dme-mir-190,MIR-190,GAUAUGU,MIMAT0005467,MIMAT0020848,3L,8571822,8571884,+,Bilateria,Bilateria,,No,1.0,,,,,,,,,
Dme-Mir-193-P1 V,dme-mir-193,MIR-193,GUUGGGA,MIMAT0020849,MIMAT0005468,3L,21574030,21574110,+,Bilateria,Bilateria,4.0,No,1.0,,,,,,,,,
Dme-Mir-210 V,dme-mir-210,MIR-210,UGUGCGU,MIMAT0020816,MIMAT0000355,X,18128234,18128292,+,Bilateria,Bilateria,2.0,No,,,,,,,,,,
Dme-Mir-216-P1,dme-mir-283,MIR-216,AAUAUCA,MIMAT0000347,MIMAT0020810,X,15507976,15508044,+,Nephrozoa,Nephrozoa,,No,,,,,,,,,,
Dme-Mir-216-P2,dme-mir-304,MIR-216,AAUCUCA,MIMAT0000390,MIMAT0020826,X,15508970,15509037,+,Nephrozoa,Nephrozoa,,No,,,1.0,,,,,,,
Dme-Mir-219,dme-mir-219,MIR-219,GAUUGUC,MIMAT0000335,MIMAT0020803,3L,17315024,17315085,+,Bilateria,Bilateria,,No,,,1.0,,,,,,,
Dme-Mir-252-P1a,dme-mir-968,MIR-252,AAGUAGU,MIMAT0005484,MIMAT0020865,2L,13747761,13747824,-,Drosophila,Bilateria,,No,,,1.0,,,,,,,
Dme-Mir-252-P1b,dme-mir-1002,MIR-252,UAAGUAG,MIMAT0005483,MIMAT0020864,2L,13747621,13747683,-,Drosophila,Bilateria,,No,,,1.0,,,,,,,
Dme-Mir-252-P2 V,dme-mir-252,MIR-252,UAAGUAC,MIMAT0005516,MIMAT0020896,3R,13464230,13464296,-,Bilateria,Bilateria,2.0,No,,,1.0,,,,,,,
Dme-Mir-275,dme-mir-275,MIR-275,CAGGUAC,MIMAT0020801,MIMAT0000333,2L,7425814,7425875,+,Arthropoda,Arthropoda,,No,,,1.0,,,,,,,
Dme-Mir-276-P1,dme-mir-276b,MIR-276,GCGAGGU,MIMAT0020815,MIMAT0000354,3L,10319808,10319867,+,Diptera,Arthropoda,,No,,,1.0,,,,,,,
Dme-Mir-276-P2,dme-mir-276a,MIR-276,AGGAACU,MIMAT0000336,MIMAT0000337,3L,10365244,10365302,+,Diptera,Arthropoda,,No,1.0,,1.0,,,,,,,
Dme-Mir-277,dme-mir-277,MIR-277,AAAUGCA,MIMAT0020804,MIMAT0000338,3R,10100039,10100102,+,Protostomia,Protostomia,,No,,,1.0,,,,,,,
Dme-Mir-278,dme-mir-278,MIR-278,CGGUGGG,MIMAT0020805,MIMAT0000339,2R,15657083,15657143,+,Bilateria,Bilateria,,No,,1.0,,,,,,,,
Dme-Mir-279-P1,dme-mir-286,MIR-279,GACUAGA,MIMAT0020820,MIMAT0000359,2R,19661435,19661509,-,Pancrustacea,Protostomia,,No,,,1.0,,,,,,,
Dme-Mir-279-P2,dme-mir-279,MIR-279,GACUAGA,MIMAT0020807,MIMAT0000341,3R,29215606,29215672,+,Pancrustacea,Protostomia,,No,,,1.0,,,,,,,
Dme-Mir-279-P3,dme-mir-996,MIR-279,GACUAGA,MIMAT0020895,MIMAT0005515,3R,29217202,29217265,+,Pancrustacea,Protostomia,,No,,1.0,1.0,,,,,,,
Dme-Mir-281-P1 V,dme-mir-281-1,MIR-281,GUCAUGG,MIMAT0000344,MIMAT0000345,2R,12170383,12170449,-,Drosophila,Nephrozoa,2.0,No,,,,,,,,,,
Dme-Mir-281-P2 V,dme-mir-281-2,MIR-281,AGAGAGC,MIMAT0000349,MIMAT0000345,2R,12170164,12170230,-,Drosophila,Nephrozoa,2.0,No,,,1.0,,,,,,,
Dme-Mir-282,dme-mir-282,MIR-282,AGCCUCU,MIMAT0000346,MIMAT0020809,3L,3251038,3251102,+,Pancrustacea,Pancrustacea,,No,,1.0,,,,,,,,
Dme-Mir-284,dme-mir-284,MIR-284,CUGGAAU,MIMAT0020811,MIMAT0000348,3R,12551526,12551605,-,Glossinidae + Drosophilidae,Glossinidae + Drosophilidae,,No,,,1.0,,,,,,,
Dme-Mir-303,dme-mir-303,MIR-303,AGGUUUC,MIMAT0000388,MIMAT0020824,X,4366184,4366240,-,D. melanogaster subgroup,D. melanogaster subgroup,,No,,,1.0,,,,,,,
Dme-Mir-305,dme-mir-305,MIR-305,UUGUACU,MIMAT0000391,MIMAT0020827,2L,7425979,7426039,+,Cryptovermes,Cryptovermes,,No,1.0,1.0,,,,,,,,
Dme-Mir-306,dme-mir-306,MIR-306,CAGGUAC,MIMAT0000393,MIMAT0000394,2L,16698418,16698476,+,Neoptera,Neoptera,,No,,,1.0,,,,,,,
Dme-Mir-314,dme-mir-314,MIR-314,AUUCGAG,MIMAT0020840,MIMAT0000406,3L,11773014,11773101,+,Drosophila,Drosophila,,Yes,,,,,,,,,,
Dme-Mir-315,dme-mir-315,MIR-315,UUUGAUU,MIMAT0000407,MIMAT0020841,3L,18860982,18861045,+,Nephrozoa,Nephrozoa,,No,,,1.0,,,,,,,
Dme-Mir-316,dme-mir-316,MIR-316,GUCUUUU,MIMAT0000408,MIMAT0020842,3L,21668728,21668787,-,Pancrustacea,Pancrustacea,,No,,,1.0,,,,,,,
Dme-Mir-317,dme-mir-317,MIR-317,GAACACA,MIMAT0020843,MIMAT0000409,3R,10091139,10091204,+,Protostomia,Protostomia,,No,,,,,,,,,,
Dme-Mir-375,dme-mir-375,MIR-375,UUGUUCG,MIMAT0020853,MIMAT0005472,2L,857556,857617,+,Nephrozoa,Nephrozoa,,No,,1.0,,,,,,,,
Dme-Mir-927-P1,dme-mir-927,MIR-927,UUAGAAU,MIMAT0005501,MIMAT0020882,X,15965962,15966023,-,Neoptera,Neoptera,,No,,1.0,,,,,,,,
Dme-Mir-929,dme-mir-929,MIR-929,AAUUGAC,MIMAT0020892,MIMAT0005511,3R,4295385,4295441,+,Neoptera,Neoptera,,No,,,1.0,,,,,,,
Dme-Mir-932,dme-mir-932,MIR-932,CAAUUCC,MIMAT0005479,MIMAT0020860,2L,6902077,6902137,+,Neoptera,Neoptera,,No,1.0,1.0,1.0,,,,,,,
Dme-Mir-955,dme-mir-955,MIR-955,AUCGUGC,MIMAT0005466,MIMAT0020847,3L,3299072,3299134,+,Drosophila,Drosophila,,No,,,1.0,,,,,,,
Dme-Mir-956 V,dme-mir-956,MIR-956,UUCGAGA,MIMAT0020850,MIMAT0005469,3L,11773740,11773868,-,Glossinidae + Drosophilidae,Glossinidae + Drosophilidae,2.0,No,,,,,,,,,,
Dme-Mir-957,dme-mir-957,MIR-957,GAAACCG,MIMAT0020851,MIMAT0005470,3L,22518210,22518277,-,Diptera,Diptera,,No,1.0,1.0,1.0,,,,,,,
Dme-Mir-959 V,dme-mir-959,MIR-959,UGUCAUC,MIMAT0020854,MIMAT0005473,2L,5640958,5641021,+,D. melanogaster group,D. melanogaster group,2.0,No,,,1.0,,,,,,,
Dme-Mir-960,dme-mir-960,MIR-960,GAGUAUU,MIMAT0005474,MIMAT0020855,2L,5641081,5641140,+,Drosophila,Drosophila,,No,,,,,,,,,,
Dme-Mir-961,dme-mir-961,MIR-961,UUGAUCA,MIMAT0005475,MIMAT0020856,2L,5641208,5641266,+,D. melanogaster group,D. melanogaster group,,No,,1.0,,,,,,,,
Dme-Mir-962,dme-mir-962,MIR-962,UAAGGUA,MIMAT0005476,MIMAT0020857,2L,5641315,5641374,+,Drosophila,Drosophila,,No,,,1.0,,,,,,,
Dme-Mir-963 V,dme-mir-963,MIR-963,CAAGGUA,MIMAT0005477,MIMAT0020858,2L,5642005,5642064,+,Drosophila,Drosophila,2.0,Yes,,,1.0,,,,,,,
Dme-Mir-964 V,dme-mir-964,MIR-964,UAGAAUA,MIMAT0005478,MIMAT0020859,2L,5642127,5642187,+,Drosophila,Drosophila,2.0,No,1.0,,1.0,,,,,,,
Dme-Mir-965,dme-mir-965,MIR-965,AAGCGUA,MIMAT0020861,MIMAT0005480,2L,243055,243118,-,Pancrustacea,Pancrustacea,,No,,,1.0,,,,,,,
Dme-Mir-966,dme-mir-966,MIR-966,GUGGGUU,MIMAT0005481,MIMAT0020862,2L,6045642,6045698,-,D. melanogaster subgroup,D. melanogaster subgroup,,No,,1.0,,,,,,,,
Dme-Mir-967,dme-mir-967,MIR-967,GAGAUAC,MIMAT0005482,MIMAT0020863,2L,12460014,12460090,-,D. melanogaster subgroup,D. melanogaster subgroup,,No,,,1.0,,,,,,,
Dme-Mir-969,dme-mir-969,MIR-969,AGUUCCA,MIMAT0005485,MIMAT0020866,X,18124375,18124436,+,Drosophila,Drosophila,,No,,,1.0,,,,,,,
Dme-Mir-970,dme-mir-970,MIR-970,CAUAAGA,MIMAT0020867,MIMAT0005486,X,12636352,12636416,+,Aparaglossata,Aparaglossata,,No,,,1.0,,,,,,,
Dme-Mir-971,dme-mir-971,MIR-971,UGGUGUU,MIMAT0020868,MIMAT0005487,X,13062091,13062152,+,Neoptera,Neoptera,,No,,,,,,,,,,
Dme-Mir-972,dme-mir-972,MIR-972,GUACAAU,MIMAT0020869,MIMAT0005488,X,19551171,19551226,+,D. melanogaster + D. simulans,D. melanogaster + D. simulans,,No,,,,,,,,,,
Dme-Mir-973,dme-mir-973,MIR-973,GGUUGGU,MIMAT0005489,MIMAT0020870,X,19551546,19551611,+,Drosophila,Drosophila,,No,,,,,,,,,,
Dme-Mir-974,dme-mir-974,MIR-974,AGCGAGC,MIMAT0005490,MIMAT0020871,X,19551702,19551763,+,Drosophila,Drosophila,,No,,1.0,1.0,,,,,,,
Dme-Mir-975,dme-mir-975,MIR-975,AAACACU,MIMAT0005491,MIMAT0020872,X,19558768,19558828,+,Drosophila,Drosophila,,No,1.0,1.0,,,,,,,,
Dme-Mir-976,dme-mir-976,MIR-976,UGGAUUA,MIMAT0020873,MIMAT0005492,X,19558917,19558975,+,Drosophila,Drosophila,,No,1.0,,1.0,,,,,,,
Dme-Mir-977,dme-mir-977,MIR-977,GAGAUAU,MIMAT0020874,MIMAT0005493,X,19559046,19559108,+,Drosophila,Drosophila,,No,,,1.0,,,,,,,
Dme-Mir-978 V,dme-mir-978,MIR-978,GUCCAGU,MIMAT0020875,MIMAT0005494,X,19561251,19561313,+,D. melanogaster group,D. melanogaster group,2.0,No,,,1.0,,,,,,,
Dme-Mir-982,dme-mir-982,MIR-982,CCUGGAC,MIMAT0005498,MIMAT0020879,X,4365822,4365883,-,D. melanogaster + D. simulans,D. melanogaster + D. simulans,,No,,1.0,1.0,,,,,,,
Dme-Mir-983-P1,dme-mir-983-2,MIR-983,UAAUACG,MIMAT0005499,MIMAT0020880,X,4368325,4368382,-,D. melanogaster,D. melanogaster subgroup,,No,,,1.0,,,,,,,
Dme-Mir-983-P2,dme-mir-983-1,MIR-983,UAAUACG,MIMAT0005499,MIMAT0020880,X,4368325,4368382,-,D. melanogaster,D. melanogaster subgroup,,No,,,1.0,,,,,,,
Dme-Mir-984,dme-mir-984,MIR-984,GAGGUAA,MIMAT0005500,MIMAT0020881,X,4368660,4368720,-,D. melanogaster,D. melanogaster,,No,,1.0,,,,,,,,
Dme-Mir-985,dme-mir-985,MIR-985,AAAUGUU,MIMAT0020883,MIMAT0005502,X,16191270,16191324,-,D. melanogaster + D. simulans,D. melanogaster + D. simulans,,No,,,,,,,,,,
Dme-Mir-986,dme-mir-986,MIR-986,CUCGAAU,MIMAT0005503,MIMAT0020884,2R,8445000,8445067,+,D. melanogaster group,D. melanogaster group,,No,,,1.0,,,,,,,
Dme-Mir-987,dme-mir-987,MIR-987,AAAGUAA,MIMAT0005504,MIMAT0020885,2R,9313037,9313102,-,Glossinidae + Drosophilidae,Glossinidae + Drosophilidae,,No,1.0,,,,,,,,,
Dme-Mir-988,dme-mir-988,MIR-988,CCCUUGU,MIMAT0020886,MIMAT0005505,2R,12158888,12158945,-,Panorpida,Panorpida,,No,,,,,,,,,,
Dme-Mir-989,dme-mir-989,MIR-989,GUGAUGU,MIMAT0020887,MIMAT0005506,2R,14145365,14145508,-,Endopterygota,Endopterygota,,No,,,1.0,,,,,,,
Dme-Mir-991,dme-mir-991,MIR-991,UAAAGUU,MIMAT0020890,MIMAT0005509,2R,20585214,20585275,-,D. melanogaster subgroup,D. melanogaster subgroup,,No,1.0,,,,,,,,,
Dme-Mir-992,dme-mir-992,MIR-992,GGUAUCA,MIMAT0020891,MIMAT0005510,2R,20585332,20585390,-,D. melanogaster subgroup,D. melanogaster subgroup,,No,,,1.0,,,,,,,
Dme-Mir-997,dme-mir-997,MIR-997,CCAAACU,MIMAT0005517,MIMAT0020897,3R,19326984,19327137,-,D. melanogaster,D. melanogaster,,No,,,,,,,,,,
Dme-Mir-999,dme-mir-999,MIR-999,GUUAACU,MIMAT0020899,MIMAT0005519,3R,21798249,21798308,-,Diptera,Diptera,,No,,1.0,1.0,,,,,,,
Dme-Mir-1000,dme-mir-1000,MIR-1000,UAUUGUC,MIMAT0005520,MIMAT0020900,3R,25588878,25588944,-,Neoptera,Neoptera,,No,,,1.0,,,,,,,
Dme-Mir-1001,dme-mir-1001,MIR-1001,GGGUAAA,MIMAT0005521,MIMAT0020901,3R,27642480,27642540,-,D. melanogaster subgroup,D. melanogaster subgroup,,No,,,1.0,,,,,,,
Dme-Mir-1003,dme-mir-1003,MIR-1003,CUCACAU,MIMAT0020902,MIMAT0005016,3R,24658605,24658660,+,Drosophila,Drosophila,,No,,,,,,,,,,
Dme-Mir-1006,dme-mir-1006,MIR-1006,AAAUUCG,MIMAT0020903,MIMAT0005019,2L,16724795,16724858,-,Drosophila,Drosophila,,Yes,,,,,,,,,,
Dme-Mir-1007,dme-mir-1007,MIR-1007,AAGCUCA,MIMAT0020904,MIMAT0005020,X,21296385,21296449,-,D. melanogaster group,D. melanogaster group,,No,,,,,,,,,,
Dme-Mir-1010,dme-mir-1010,MIR-1010,UUCACCU,MIMAT0020905,MIMAT0005023,3R,22292879,22292949,+,Drosophila,Drosophila,,Yes,,,,,,,,,,
Dme-Mir-1175,dme-mir-958,MIR-1175,GAGAUUC,MIMAT0020852,MIMAT0005471,3L,22669302,22669365,-,Protostomia,Protostomia,,No,,1.0,1.0,,,,,,,
Dme-Mir-2001,dme-mir-274,MIR-2001,UUGUGAC,MIMAT0000332,MIMAT0020800,3L,11656937,11657002,+,Bilateria,Bilateria,,No,1.0,,,,,,,,,
Dme-Mir-2279,dme-mir-2279,MIR-2279,UAAAUAU,MIMAT0011784,MIMAT0011785,2R,2552195,2552252,-,D. melanogaster,D. melanogaster,,No,,,,,,,,,,
Dme-Mir-2499,dme-mir-2499,MIR-2499,UGCGGAU,MIMAT0012212,MIMAT0012213,X,19557029,19557090,+,D. melanogaster,D. melanogaster,,No,1.0,,1.0,,,,,,,
Dme-Mir-2501,dme-mir-2501,MIR-2501,UAAGUUU,MIMAT0012216,MIMAT0012217,3L,8111107,8111173,+,D. melanogaster,D. melanogaster,,No,,,,,,,,,,
Dme-Mir-4969,dme-mir-4969,MIR-4969,GGUAAAU,MIMAT0020195,MIMAT0020196,3R,21798535,21798651,-,D. melanogaster subgroup,D. melanogaster subgroup,,No,,,1.0,,,,,,,
Dme-Mir-4983,dme-mir-4983,MIR-4983,AAAUUCU,MIMAT0020217,MIMAT0020218,2R,19637431,19637502,+,D. melanogaster + D. simulans,D. melanogaster + D. simulans,,No,1.0,,,,,,,,,
Dme-Mir-9388,dme-mir-9388,MIR-9388,GUAGUAC,MIMAT0035238,MIMAT0035239,3L,22945131,22945192,+,D. melanogaster,D. melanogaster,,No,,1.0,,,,,,,,
