Unnamed: 0_level_0,Unnamed: 1_level_0,Unnamed: 2_level_0,Unnamed: 3_level_0,Unnamed: 4_level_0,Unnamed: 5_level_0,Sort by genome coordinates,Sort by genome coordinates,Sort by genome coordinates,Sort by genome coordinates,Unnamed: 10_level_0,Unnamed: 11_level_0,Unnamed: 12_level_0,Unnamed: 13_level_0,Motifs,Motifs,Motifs,Tissue expression -  +,Tissue expression -  +,Tissue expression -  +,Tissue expression -  +,Tissue expression -  +,Tissue expression -  +,Tissue expression -  +,Tissue expression -  +,Tissue expression -  +,Tissue expression -  +,Tissue expression -  +,Tissue expression -  +,Tissue expression -  +,Tissue expression -  +,Tissue expression -  +,Tissue expression -  +,Tissue expression -  +,Tissue expression -  +,Tissue expression -  +,Tissue expression -  +,Tissue expression -  +,Tissue expression -  +,Tissue expression -  +,Tissue expression -  +,Tissue expression -  +,Tissue expression -  +,Tissue expression -  +,Tissue expression -  +,Tissue expression -  +,Tissue expression -  +,Tissue expression -  +,Tissue expression -  +
MirGeneDB ID ▲,MiRBase ID,Family,Seed,5p accession,3p accession,Chromosome,Start,End,Strand,Node of origin (locus),Node of origin (family),Iso­miR,3' NTU,UG,UGUG,CNNC,Dc,Dc.1,Dr,Dr.1,Xp,Xp.1,Bl,Br,Br.1,Ce,Ce.1,Co,Fo,He,Ki,Le,Li,Li.1,Lu,Pa,Pl,Pl.1,Sk,Sk.1,Sk.2,Sm,Sp,Sp.1,St,Te,Th,Ut
Hsa-Let-7-P1b,hsa-let-7e,LET-7,GAGGUAG,MIMAT0000066,MIMAT0004485,chr19,51692793,51692859,+,Gnathostomata,Bilateria,,No,,,,,,,,,,,,,,,,,,,,,,,,,,,,,,,,,,,
Hsa-Let-7-P1c,hsa-let-7c,LET-7,GAGGUAG,MIMAT0000064,MIMAT0026472,chr21,16539838,16539904,+,Gnathostomata,Bilateria,,No,,,1.0,,,,,,,,,,,,,,,,,,,,,,,,,,,,,,,,
Hsa-Let-7-P1d,hsa-let-7a-2,LET-7,GAGGUAG,MIMAT0000062,MIMAT0010195,chr11,122146523,122146589,-,Gnathostomata,Bilateria,,No,,,1.0,,,,,,,,,,,,,,,,,,,,,,,,,,,,,,,,
Hsa-Let-7-P2a1,hsa-let-7a-1,LET-7,GAGGUAG,MIMAT0000062,MIMAT0004481,chr9,94175962,94176033,+,Gnathostomata,Bilateria,,Yes,,,,,,,,,,,,,,,,,,,,,,,,,,,,,,,,,,,
Hsa-Let-7-P2a2,hsa-let-7a-3,LET-7,GAGGUAG,MIMAT0000062,MIMAT0004481,chr22,46112752,46112820,+,Gnathostomata,Bilateria,,Yes,,,,,,,,,,,,,,,,,,,,,,,,,,,,,,,,,,,
Hsa-Let-7-P2a3,hsa-let-7f-2,LET-7,GAGGUAG,MIMAT0000067,MIMAT0004487,chrX,53557197,53557267,-,Gnathostomata,Bilateria,,Yes,,,1.0,,,,,,,,,,,,,,,,,,,,,,,,,,,,,,,,
Hsa-Let-7-P2b1,hsa-let-7f-1,LET-7,GAGGUAG,MIMAT0000067,MIMAT0004486,chr9,94176353,94176429,+,Gnathostomata,Bilateria,,Yes,,1.0,1.0,,,,,,,,,,,,,,,,,,,,,,,,,,,,,,,,
Hsa-Let-7-P2b2,hsa-let-7b,LET-7,GAGGUAG,MIMAT0000063,MIMAT0004482,chr22,46113691,46113765,+,Gnathostomata,Bilateria,,Yes,,,,,,,,,,,,,,,,,,,,,,,,,,,,,,,,,,,
Hsa-Let-7-P2b3,hsa-mir-98,LET-7,GAGGUAG,MIMAT0000096,MIMAT0022842,chrX,53556242,53556320,-,Gnathostomata,Bilateria,,Yes,1.0,1.0,,,,,,,,,,,,,,,,,,,,,,,,,,,,,,,,,
Hsa-Let-7-P2c1,hsa-let-7d,LET-7,GAGGUAG,MIMAT0000065,MIMAT0004484,chr9,94178841,94178915,+,Gnathostomata,Bilateria,,Yes,,,1.0,,,,,,,,,,,,,,,,,,,,,,,,,,,,,,,,
Hsa-Let-7-P2c2,hsa-let-7i,LET-7,GAGGUAG,MIMAT0000415,MIMAT0004585,chr12,62603691,62603767,+,Gnathostomata,Bilateria,,Yes,,,1.0,,,,,,,,,,,,,,,,,,,,,,,,,,,,,,,,
Hsa-Let-7-P2c3,hsa-let-7g,LET-7,GAGGUAG,MIMAT0000414,MIMAT0004584,chr3,52268280,52268357,-,Gnathostomata,Bilateria,,Yes,,,1.0,,,,,,,,,,,,,,,,,,,,,,,,,,,,,,,,
Hsa-Mir-1-P1,hsa-mir-1-2,MIR-1,GGAAUGU,,MIMAT0000416,chr18,21829015,21829075,-,Gnathostomata,Bilateria,,No,,,1.0,,,,,,,,,,,,,,,,,,,,,,,,,,,,,,,,
Hsa-Mir-1-P2,hsa-mir-206,MIR-1,GGAAUGU,,MIMAT0000462,chr6,52144363,52144422,+,Gnathostomata,Bilateria,,No,1.0,,1.0,,,,,,,,,,,,,,,,,,,,,,,,,,,,,,,,
Hsa-Mir-1-P3,hsa-mir-1-1,MIR-1,GGAAUGU,MIMAT0031892,MIMAT0000416,chr20,62554312,62554372,+,Gnathostomata,Bilateria,,No,1.0,,,,,,,,,,,,,,,,,,,,,,,,,,,,,,,,,,
Hsa-Mir-7-P1,hsa-mir-7-2,MIR-7,GGAAGAC,MIMAT0000252,MIMAT0004554,chr15,88611856,88611917,+,Gnathostomata,Bilateria,,No,,,1.0,,,,,,,,,,,,,,,,,,,,,,,,,,,,,,,,
Hsa-Mir-7-P2,hsa-mir-7-1,MIR-7,GGAAGAC,MIMAT0000252,MIMAT0004553,chr9,83969771,83969834,-,Gnathostomata,Bilateria,,No,,,1.0,,,,,,,,,,,,,,,,,,,,,,,,,,,,,,,,
Hsa-Mir-7-P4,hsa-mir-7-3,MIR-7,GGAAGAC,MIMAT0000252,,chr19,4770700,4770759,+,Gnathostomata,Bilateria,,No,,,1.0,,,,,,,,,,,,,,,,,,,,,,,,,,,,,,,,
Hsa-Mir-8-P1a,hsa-mir-200b,MIR-8,AAUACUG,MIMAT0004571,MIMAT0000318,chr1,1167124,1167182,+,Vertebrata,Nephrozoa,,No,,,1.0,,,,,,,,,,,,,,,,,,,,,,,,,,,,,,,,
Hsa-Mir-8-P1b,hsa-mir-200c,MIR-8,AAUACUG,MIMAT0004657,MIMAT0000617,chr12,6963703,6963764,+,Vertebrata,Nephrozoa,,No,1.0,1.0,1.0,,,,,,,,,,,,,,,,,,,,,,,,,,,,,,,,
Hsa-Mir-8-P2a,hsa-mir-200a,MIR-8,AACACUG,MIMAT0001620,MIMAT0000682,chr1,1167878,1167938,+,Vertebrata,Nephrozoa,,No,,,,,,,,,,,,,,,,,,,,,,,,,,,,,,,,,,,
Hsa-Mir-8-P2b,hsa-mir-141,MIR-8,AACACUG,MIMAT0004598,MIMAT0000432,chr12,6964113,6964177,+,Vertebrata,Nephrozoa,,No,,,1.0,,,,,,,,,,,,,,,,,,,,,,,,,,,,,,,,
Hsa-Mir-8-P3a,hsa-mir-429,MIR-8,AAUACUG,,MIMAT0001536,chr1,1169020,1169076,+,Vertebrata,Nephrozoa,,No,,,1.0,,,,,,,,,,,,,,,,,,,,,,,,,,,,,,,,
Hsa-Mir-9-P1,hsa-mir-9-3,MIR-9,CUUUGGU,MIMAT0000441,MIMAT0000442,chr15,89368032,89368093,+,Gnathostomata,Bilateria,,No,,1.0,1.0,,,,,,,,,,,,,,,,,,,,,,,,,,,,,,,,
Hsa-Mir-9-P2,hsa-mir-9-2,MIR-9,CUUUGGU,MIMAT0000441,MIMAT0000442,chr5,88666865,88666924,-,Gnathostomata,Bilateria,,No,,1.0,1.0,,,,,,,,,,,,,,,,,,,,,,,,,,,,,,,,
Hsa-Mir-9-P3,hsa-mir-9-1,MIR-9,CUUUGGU,MIMAT0000441,MIMAT0000442,chr1,156420353,156420414,-,Gnathostomata,Bilateria,,No,,1.0,1.0,,,,,,,,,,,,,,,,,,,,,,,,,,,,,,,,
Hsa-Mir-10-P1b V,hsa-mir-10b,MIR-10,ACCCUGU,MIMAT0000254,MIMAT0004556,chr2,176150329,176150390,+,Gnathostomata,Eumetazoa,2.0,No,,1.0,1.0,,,,,,,,,,,,,,,,,,,,,,,,,,,,,,,,
Hsa-Mir-10-P1c V,hsa-mir-10a,MIR-10,ACCCUGU,MIMAT0000253,MIMAT0004555,chr17,48579864,48579926,-,Gnathostomata,Eumetazoa,2.0,No,,,1.0,,,,,,,,,,,,,,,,,,,,,,,,,,,,,,,,
Hsa-Mir-10-P2b,hsa-mir-99b,MIR-10,ACCCGUA,MIMAT0000689,MIMAT0004678,chr19,51692618,51692677,+,Gnathostomata,Eumetazoa,,Yes,1.0,,,,,,,,,,,,,,,,,,,,,,,,,,,,,,,,,,
Hsa-Mir-10-P2c,hsa-mir-99a,MIR-10,ACCCGUA,MIMAT0000097,MIMAT0004511,chr21,16539101,16539159,+,Gnathostomata,Eumetazoa,,Yes,1.0,1.0,,,,,,,,,,,,,,,,,,,,,,,,,,,,,,,,,
Hsa-Mir-10-P2d,hsa-mir-100,MIR-10,ACCCGUA,MIMAT0000098,MIMAT0004512,chr11,122152240,122152296,-,Gnathostomata,Eumetazoa,,No,,,,,,,,,,,,,,,,,,,,,,,,,,,,,,,,,,,
Hsa-Mir-10-P3b,hsa-mir-125a,MIR-10,CCCUGAG,MIMAT0000443,MIMAT0004602,chr19,51693268,51693327,+,Gnathostomata,Eumetazoa,,No,1.0,,1.0,,,,,,,,,,,,,,,,,,,,,,,,,,,,,,,,
Hsa-Mir-10-P3c,hsa-mir-125b-2,MIR-10,CCCUGAG,MIMAT0000423,MIMAT0004603,chr21,16590253,16590313,+,Gnathostomata,Eumetazoa,,No,,,1.0,,,,,,,,,,,,,,,,,,,,,,,,,,,,,,,,
Hsa-Mir-10-P3d,hsa-mir-125b-1,MIR-10,CCCUGAG,MIMAT0000423,MIMAT0004592,chr11,122099769,122099830,-,Gnathostomata,Eumetazoa,,No,1.0,1.0,1.0,,,,,,,,,,,,,,,,,,,,,,,,,,,,,,,,
Hsa-Mir-15-P1a,hsa-mir-15a,MIR-15,AGCAGCA,MIMAT0000068,MIMAT0004488,chr13,50049130,50049188,-,Gnathostomata,Olfactores,,No,,,,,,,,,,,,,,,,,,,,,,,,,,,,,,,,,,,
Hsa-Mir-15-P1b,hsa-mir-15b,MIR-15,AGCAGCA,MIMAT0000417,MIMAT0004586,chr3,160404607,160404666,+,Gnathostomata,Olfactores,,No,,,,,,,,,,,,,,,,,,,,,,,,,,,,,,,,,,,
Hsa-Mir-15-P1c,hsa-mir-424,MIR-15,AGCAGCA,MIMAT0001341,MIMAT0004749,chrX,134546643,134546701,-,Gnathostomata,Olfactores,,No,,1.0,,,,,,,,,,,,,,,,,,,,,,,,,,,,,,,,,
Hsa-Mir-15-P1d,hsa-mir-497,MIR-15,AGCAGCA,MIMAT0002820,MIMAT0004768,chr17,7017938,7017999,-,Gnathostomata,Olfactores,,No,,,1.0,,,,,,,,,,,,,,,,,,,,,,,,,,,,,,,,
Hsa-Mir-15-P2a,hsa-mir-16-1,MIR-15,AGCAGCA,MIMAT0000069,MIMAT0004489,chr13,50048984,50049048,-,Gnathostomata,Olfactores,,No,1.0,,1.0,,,,,,,,,,,,,,,,,,,,,,,,,,,,,,,,
Hsa-Mir-15-P2b,hsa-mir-16-2,MIR-15,AGCAGCA,MIMAT0000069,MIMAT0004518,chr3,160404754,160404818,+,Gnathostomata,Olfactores,,No,,,1.0,,,,,,,,,,,,,,,,,,,,,,,,,,,,,,,,
Hsa-Mir-15-P2c,hsa-mir-503,MIR-15,AGCAGCG,MIMAT0002874,MIMAT0022925,chrX,134546331,134546393,-,Gnathostomata,Olfactores,,No,,,,,,,,,,,,,,,,,,,,,,,,,,,,,,,,,,,
Hsa-Mir-15-P2d,hsa-mir-195,MIR-15,AGCAGCA,MIMAT0000461,MIMAT0004615,chr17,7017627,7017687,-,Gnathostomata,Olfactores,,No,,,1.0,,,,,,,,,,,,,,,,,,,,,,,,,,,,,,,,
Hsa-Mir-17-P1a,hsa-mir-17,MIR-17,AAAGUGC,MIMAT0000070,MIMAT0000071,chr13,91350618,91350677,+,Gnathostomata,Vertebrata,,No,,,1.0,,,,,,,,,,,,,,,,,,,,,,,,,,,,,,,,
Hsa-Mir-17-P1c,hsa-mir-106a,MIR-17,AAAGUGC,MIMAT0000103,MIMAT0004517,chrX,134170208,134170266,-,Gnathostomata,Vertebrata,,No,,,,,,,,,,,,,,,,,,,,,,,,,,,,,,,,,,,
Hsa-Mir-17-P1d,hsa-mir-106b,MIR-17,AAAGUGC,MIMAT0000680,MIMAT0004672,chr7,100094002,100094063,-,Gnathostomata,Vertebrata,,No,,,1.0,,,,,,,,,,,,,,,,,,,,,,,,,,,,,,,,
Hsa-Mir-17-P2a,hsa-mir-18a,MIR-17,AAGGUGC,MIMAT0000072,MIMAT0002891,chr13,91350756,91350820,+,Gnathostomata,Vertebrata,,No,,,1.0,,,,,,,,,,,,,,,,,,,,,,,,,,,,,,,,
Hsa-Mir-17-P2c,hsa-mir-18b,MIR-17,AAGGUGC,MIMAT0001412,MIMAT0004751,chrX,134170042,134170106,-,Gnathostomata,Vertebrata,,No,1.0,,1.0,,,,,,,,,,,,,,,,,,,,,,,,,,,,,,,,
Hsa-Mir-17-P4a,hsa-mir-20a,MIR-17,AAAGUGC,MIMAT0000075,MIMAT0004493,chr13,91351072,91351130,+,Gnathostomata,Vertebrata,,No,,1.0,1.0,,,,,,,,,,,,,,,,,,,,,,,,,,,,,,,,
Hsa-Mir-17-P4c,hsa-mir-20b,MIR-17,AAAGUGC,MIMAT0001413,MIMAT0004752,chrX,134169812,134169872,-,Gnathostomata,Vertebrata,,No,,,,,,,,,,,,,,,,,,,,,,,,,,,,,,,,,,,
Hsa-Mir-17-P4d,hsa-mir-93,MIR-17,AAAGUGC,MIMAT0000093,MIMAT0004509,chr7,100093776,100093837,-,Gnathostomata,Vertebrata,,No,,1.0,,,,,,,,,,,,,,,,,,,,,,,,,,,,,,,,,
Hsa-Mir-19-P1a,hsa-mir-19a,MIR-19,GUGCAAA,MIMAT0004490,MIMAT0000073,chr13,91350904,91350961,+,Gnathostomata,Vertebrata,,No,1.0,,1.0,,,,,,,,,,,,,,,,,,,,,,,,,,,,,,,,
Hsa-Mir-19-P2a,hsa-mir-19b-1,MIR-19,GUGCAAA,MIMAT0004491,MIMAT0000074,chr13,91351207,91351267,+,Gnathostomata,Vertebrata,,No,,1.0,,,,,,,,,,,,,,,,,,,,,,,,,,,,,,,,,
Hsa-Mir-19-P2c,hsa-mir-19b-2,MIR-19,GUGCAAA,MIMAT0004492,MIMAT0000074,chrX,134169683,134169748,-,Gnathostomata,Vertebrata,,No,1.0,,1.0,,,,,,,,,,,,,,,,,,,,,,,,,,,,,,,,
Hsa-Mir-21,hsa-mir-21,MIR-21,AGCUUAU,MIMAT0000076,MIMAT0004494,chr17,59841273,59841332,+,Vertebrata,Vertebrata,,No,,,,,,,,,,,,,,,,,,,,,,,,,,,,,,,,,,,
Hsa-Mir-22-P1b,hsa-mir-22,MIR-22,AGCUGCC,MIMAT0004495,MIMAT0000077,chr17,1713914,1713973,-,Vertebrata,Bilateria,,No,,1.0,1.0,,,,,,,,,,,,,,,,,,,,,,,,,,,,,,,,
Hsa-Mir-23-P2,hsa-mir-23b,MIR-23,UCACAUU,MIMAT0004587,MIMAT0000418,chr9,95085227,95085287,+,Gnathostomata,Vertebrata,,Yes,,1.0,1.0,,,,,,,,,,,,,,,,,,,,,,,,,,,,,,,,
Hsa-Mir-23-P3,hsa-mir-23a,MIR-23,UCACAUU,MIMAT0004496,MIMAT0000078,chr19,13836593,13836651,-,Gnathostomata,Vertebrata,,No,1.0,,1.0,,,,,,,,,,,,,,,,,,,,,,,,,,,,,,,,
Hsa-Mir-24-P2,hsa-mir-24-1,MIR-24,GGCUCAG,MIMAT0000079,MIMAT0000080,chr9,95086026,95086085,+,Gnathostomata,Vertebrata,,Yes,,,,,,,,,,,,,,,,,,,,,,,,,,,,,,,,,,,
Hsa-Mir-24-P3,hsa-mir-24-2,MIR-24,GGCUCAG,MIMAT0004497,MIMAT0000080,chr19,13836289,13836348,-,Gnathostomata,Vertebrata,,Yes,,,,,,,,,,,,,,,,,,,,,,,,,,,,,,,,,,,
Hsa-Mir-26-P1,hsa-mir-26a-1,MIR-26,UCAAGUA,MIMAT0000082,MIMAT0004499,chr3,37969413,37969473,+,Gnathostomata,Vertebrata,,No,,1.0,1.0,,,,,,,,,,,,,,,,,,,,,,,,,,,,,,,,
Hsa-Mir-26-P2,hsa-mir-26b,MIR-26,UCAAGUA,MIMAT0000083,MIMAT0004500,chr2,218402657,218402713,+,Gnathostomata,Vertebrata,,No,1.0,1.0,1.0,,,,,,,,,,,,,,,,,,,,,,,,,,,,,,,,
Hsa-Mir-26-P4,hsa-mir-26a-2,MIR-26,UCAAGUA,MIMAT0000082,MIMAT0004681,chr12,57824620,57824679,-,Gnathostomata,Vertebrata,,No,,,1.0,,,,,,,,,,,,,,,,,,,,,,,,,,,,,,,,
Hsa-Mir-27-P2,hsa-mir-27b,MIR-27,UCACAGU,MIMAT0004588,MIMAT0000419,chr9,95085463,95085525,+,Gnathostomata,Vertebrata,,No,,1.0,,,,,,,,,,,,,,,,,,,,,,,,,,,,,,,,,
Hsa-Mir-27-P3,hsa-mir-27a,MIR-27,UCACAGU,MIMAT0004501,MIMAT0000084,chr19,13836447,13836508,-,Gnathostomata,Vertebrata,,No,,,1.0,,,,,,,,,,,,,,,,,,,,,,,,,,,,,,,,
Hsa-Mir-28,hsa-mir-28,MIR-28,AGGAGCU,MIMAT0000085,MIMAT0004502,chr3,188688794,188688855,+,Eutheria,Eutheria,,No,1.0,,1.0,,,,,,,,,,,,,,,,,,,,,,,,,,,,,,,,
Hsa-Mir-29-P1b V,hsa-mir-29b-1,MIR-29,AGCACCA,MIMAT0004514,MIMAT0000100,chr7,130877467,130877530,-,Gnathostomata,Bilateria,2.0,No,,,1.0,,,,,,,,,,,,,,,,,,,,,,,,,,,,,,,,
Hsa-Mir-29-P1d V,hsa-mir-29b-2,MIR-29,AGCACCA,MIMAT0004515,MIMAT0000100,chr1,207802450,207802514,-,Gnathostomata,Bilateria,2.0,No,,,1.0,,,,,,,,,,,,,,,,,,,,,,,,,,,,,,,,
Hsa-Mir-29-P2b,hsa-mir-29a,MIR-29,AGCACCA,MIMAT0004503,MIMAT0000086,chr7,130876748,130876807,-,Gnathostomata,Bilateria,,No,,,1.0,,,,,,,,,,,,,,,,,,,,,,,,,,,,,,,,
Hsa-Mir-29-P2d,hsa-mir-29c,MIR-29,AGCACCA,MIMAT0004673,MIMAT0000681,chr1,207801865,207801922,-,Gnathostomata,Bilateria,,No,,,1.0,,,,,,,,,,,,,,,,,,,,,,,,,,,,,,,,
Hsa-Mir-30-P1a,hsa-mir-30d,MIR-30,GUAAACA,MIMAT0000245,MIMAT0004551,chr8,134804879,134804940,-,Gnathostomata,Vertebrata,,No,,,1.0,,,,,,,,,,,,,,,,,,,,,,,,,,,,,,,,
Hsa-Mir-30-P1b,hsa-mir-30a,MIR-30,GUAAACA,MIMAT0000087,MIMAT0000088,chr6,71403554,71403616,-,Gnathostomata,Vertebrata,,No,1.0,1.0,1.0,,,,,,,,,,,,,,,,,,,,,,,,,,,,,,,,
Hsa-Mir-30-P1d,hsa-mir-30e,MIR-30,GUAAACA,MIMAT0000692,MIMAT0000693,chr1,40754371,40754434,+,Gnathostomata,Vertebrata,,No,,,1.0,,,,,,,,,,,,,,,,,,,,,,,,,,,,,,,,
Hsa-Mir-30-P2a,hsa-mir-30b,MIR-30,GUAAACA,MIMAT0000420,MIMAT0004589,chr8,134800532,134800591,-,Gnathostomata,Vertebrata,,No,,,1.0,,,,,,,,,,,,,,,,,,,,,,,,,,,,,,,,
Hsa-Mir-30-P2b,hsa-mir-30c-2,MIR-30,GUAAACA,MIMAT0000244,MIMAT0004550,chr6,71376964,71377025,-,Gnathostomata,Vertebrata,,No,1.0,1.0,1.0,,,,,,,,,,,,,,,,,,,,,,,,,,,,,,,,
Hsa-Mir-30-P2d,hsa-mir-30c-1,MIR-30,GUAAACA,MIMAT0000244,MIMAT0004674,chr1,40757300,40757360,+,Gnathostomata,Vertebrata,,No,,1.0,1.0,,,,,,,,,,,,,,,,,,,,,,,,,,,,,,,,
Hsa-Mir-31,hsa-mir-31,MIR-31,GGCAAGA,MIMAT0000089,MIMAT0004504,chr9,21512120,21512178,-,Bilateria,Bilateria,,No,1.0,,1.0,,,,,,,,,,,,,,,,,,,,,,,,,,,,,,,,
Hsa-Mir-32,hsa-mir-32,MIR-32,AUUGCAC,MIMAT0000090,MIMAT0004505,chr9,109046232,109046293,-,Gnathostomata,Gnathostomata,,No,1.0,1.0,,,,,,,,,,,,,,,,,,,,,,,,,,,,,,,,,
Hsa-Mir-33-P1,hsa-mir-33b,MIR-33,UGCAUUG,MIMAT0003301,MIMAT0004811,chr17,17813858,17813916,-,Gnathostomata,Bilateria,,No,,,1.0,,,,,,,,,,,,,,,,,,,,,,,,,,,,,,,,
Hsa-Mir-33-P3,hsa-mir-33a,MIR-33,UGCAUUG,MIMAT0000091,MIMAT0004506,chr22,41900949,41901009,+,Gnathostomata,Bilateria,,No,,1.0,1.0,,,,,,,,,,,,,,,,,,,,,,,,,,,,,,,,
Hsa-Mir-34-P1,hsa-mir-34a,MIR-34,GGCAGUG,MIMAT0000255,MIMAT0004557,chr1,9151692,9151756,-,Gnathostomata,Bilateria,,No,1.0,1.0,,,,,,,,,,,,,,,,,,,,,,,,,,,,,,,,,
Hsa-Mir-34-P2a,hsa-mir-34b,MIR-34,GGCAGUG,MIMAT0000685,MIMAT0004676,chr11,111512951,111513009,+,Vertebrata,Bilateria,,No,,,1.0,,,,,,,,,,,,,,,,,,,,,,,,,,,,,,,,
Hsa-Mir-34-P2b,hsa-mir-34c,MIR-34,GGCAGUG,MIMAT0000686,MIMAT0004677,chr11,111513451,111513505,+,Vertebrata,Bilateria,,No,1.0,,,,,,,,,,,,,,,,,,,,,,,,,,,,,,,,,,
Hsa-Mir-34-P3a V,hsa-mir-449c,MIR-34,GGCAGUG,MIMAT0010251,MIMAT0013771,chr5,55172279,55172336,-,Gnathostomata,Bilateria,2.0,No,,,,,,,,,,,,,,,,,,,,,,,,,,,,,,,,,,,
Hsa-Mir-34-P3b,hsa-mir-449b,MIR-34,GGCAGUG,MIMAT0003327,MIMAT0009203,chr5,55170668,55170727,-,Gnathostomata,Bilateria,,Yes,,,1.0,,,,,,,,,,,,,,,,,,,,,,,,,,,,,,,,
Hsa-Mir-34-P3c,hsa-mir-449a,MIR-34,GGCAGUG,MIMAT0001541,,chr5,55170546,55170607,-,Gnathostomata,Bilateria,,No,1.0,,,,,,,,,,,,,,,,,,,,,,,,,,,,,,,,,,
Hsa-Mir-92-P1a,hsa-mir-92a-1,MIR-92,AUUGCAC,MIMAT0004507,MIMAT0000092,chr13,91351324,91351382,+,Gnathostomata,Bilateria,,No,,1.0,,,,,,,,,,,,,,,,,,,,,,,,,,,,,,,,,
Hsa-Mir-92-P1c,hsa-mir-92a-2,MIR-92,AUUGCAC,MIMAT0004508,MIMAT0000092,chrX,134169544,134169604,-,Gnathostomata,Bilateria,,No,,1.0,,,,,,,,,,,,,,,,,,,,,,,,,,,,,,,,,
Hsa-Mir-92-P1d,hsa-mir-92b,MIR-92,AUUGCAC,MIMAT0004792,MIMAT0003218,chr1,155195196,155195258,+,Gnathostomata,Bilateria,,No,,,1.0,,,,,,,,,,,,,,,,,,,,,,,,,,,,,,,,
Hsa-Mir-92-P2a,hsa-mir-367,MIR-92,AUUGCAC,MIMAT0004686,MIMAT0000719,chr4,112647877,112647936,-,Gnathostomata,Bilateria,,No,,,,,,,,,,,,,,,,,,,,,,,,,,,,,,,,,,,
Hsa-Mir-92-P2c,hsa-mir-363,MIR-92,AUUGCAC,MIMAT0003385,MIMAT0000707,chrX,134169382,134169446,-,Gnathostomata,Bilateria,,No,1.0,,,,,,,,,,,,,,,,,,,,,,,,,,,,,,,,,,
Hsa-Mir-92-P2d,hsa-mir-25,MIR-92,AUUGCAC,MIMAT0004498,MIMAT0000081,chr7,100093571,100093630,-,Gnathostomata,Bilateria,,No,1.0,,1.0,,,,,,,,,,,,,,,,,,,,,,,,,,,,,,,,
Hsa-Mir-95,hsa-mir-95,MIR-95,UCAACGG,MIMAT0026473,MIMAT0000094,chr4,8005312,8005368,-,Eutheria,Eutheria,,No,,,,,,,,,,,,,,,,,,,,,,,,,,,,,,,,,,,
Hsa-Mir-96-P1,hsa-mir-96,MIR-96,UUGGCAC,MIMAT0000095,MIMAT0004510,chr7,129774698,129774761,-,Bilateria,Bilateria,,No,,1.0,1.0,,,,,,,,,,,,,,,,,,,,,,,,,,,,,,,,
Hsa-Mir-96-P2,hsa-mir-182,MIR-96,UUGGCAA,MIMAT0000259,MIMAT0000260,chr7,129770406,129770470,-,Bilateria,Bilateria,,No,1.0,,1.0,,,,,,,,,,,,,,,,,,,,,,,,,,,,,,,,
Hsa-Mir-96-P3 V,hsa-mir-183,MIR-96,AUGGCAC,MIMAT0000261,MIMAT0004560,chr7,129774927,129774988,-,Bilateria,Bilateria,2.0,No,,1.0,1.0,,,,,,,,,,,,,,,,,,,,,,,,,,,,,,,,
Hsa-Mir-101-P1 V,hsa-mir-101-1,MIR-101,ACAGUAC,MIMAT0004513,MIMAT0000099,chr1,65058441,65058499,-,Vertebrata,Vertebrata,2.0,No,,1.0,1.0,,,,,,,,,,,,,,,,,,,,,,,,,,,,,,,,
Hsa-Mir-101-P2 V,hsa-mir-101-2,MIR-101,ACAGUAC,MIMAT0037312,MIMAT0000099,chr9,4850308,4850366,+,Vertebrata,Vertebrata,2.0,No,1.0,,,,,,,,,,,,,,,,,,,,,,,,,,,,,,,,,,
Hsa-Mir-103-P1,hsa-mir-107,MIR-103,GCAGCAU,,MIMAT0000104,chr10,89592756,89592815,-,Gnathostomata,Bilateria,,No,,,1.0,,,,,,,,,,,,,,,,,,,,,,,,,,,,,,,,
Hsa-Mir-103-P2,hsa-mir-103a-2,MIR-103,GCAGCAU,MIMAT0009196,MIMAT0000101,chr20,3917504,3917563,+,Gnathostomata,Bilateria,,No,,,1.0,,,,,,,,,,,,,,,,,,,,,,,,,,,,,,,,
Hsa-Mir-103-P4,hsa-mir-103a-1,MIR-103,GCAGCAU,MIMAT0037306,MIMAT0000101,chr5,168560904,168560963,-,Gnathostomata,Bilateria,,No,,,1.0,,,,,,,,,,,,,,,,,,,,,,,,,,,,,,,,
Hsa-Mir-105-P1,hsa-mir-105-2,MIR-105,CAAAUGC,MIMAT0000102,MIMAT0004516,chrX,152394422,152394480,-,Eutheria,Eutheria,,No,1.0,,1.0,,,,,,,,,,,,,,,,,,,,,,,,,,,,,,,,
Hsa-Mir-105-P2,hsa-mir-105-1,MIR-105,CAAAUGC,MIMAT0000102,MIMAT0004516,chrX,152392229,152392287,-,Eutheria,Eutheria,,No,,,1.0,,,,,,,,,,,,,,,,,,,,,,,,,,,,,,,,
Hsa-Mir-122,hsa-mir-122,MIR-122,GGAGUGU,MIMAT0000421,MIMAT0004590,chr18,58451088,58451145,+,Vertebrata,Vertebrata,,No,,1.0,1.0,,,,,,,,,,,,,,,,,,,,,,,,,,,,,,,,
Hsa-Mir-124-P1 V,hsa-mir-124-2,MIR-124,AAGGCAC,MIMAT0004591,MIMAT0000422,chr8,64379173,64379231,+,Gnathostomata,Bilateria,2.0,No,,,1.0,,,,,,,,,,,,,,,,,,,,,,,,,,,,,,,,
Hsa-Mir-124-P2 V,hsa-mir-124-1,MIR-124,AAGGCAC,MIMAT0004591,MIMAT0000422,chr8,9903399,9903459,-,Gnathostomata,Bilateria,2.0,No,,,1.0,,,,,,,,,,,,,,,,,,,,,,,,,,,,,,,,
Hsa-Mir-124-P3 V,hsa-mir-124-3,MIR-124,AAGGCAC,MIMAT0004591,MIMAT0000422,chr20,63178514,63178573,+,Gnathostomata,Bilateria,2.0,No,1.0,,1.0,,,,,,,,,,,,,,,,,,,,,,,,,,,,,,,,
Hsa-Mir-126-P2 V,hsa-mir-126,MIR-126,CGUACCG,MIMAT0000444,MIMAT0000445,chr9,136670616,136670674,+,Vertebrata,Olfactores,3.0,No,,1.0,1.0,,,,,,,,,,,,,,,,,,,,,,,,,,,,,,,,
Hsa-Mir-127,hsa-mir-127,MIR-127,CGGAUCC,MIMAT0004604,MIMAT0000446,chr14,100883001,100883056,+,Eutheria,Eutheria,,No,,,1.0,,,,,,,,,,,,,,,,,,,,,,,,,,,,,,,,
Hsa-Mir-128-P1,hsa-mir-128-2,MIR-128,CACAGUG,MIMAT0031095,MIMAT0000424,chr3,35744490,35744547,+,Gnathostomata,Vertebrata,,No,1.0,1.0,1.0,,,,,,,,,,,,,,,,,,,,,,,,,,,,,,,,
Hsa-Mir-128-P2,hsa-mir-128-1,MIR-128,CACAGUG,MIMAT0026477,MIMAT0000424,chr2,135665411,135665466,+,Gnathostomata,Vertebrata,,No,1.0,,1.0,,,,,,,,,,,,,,,,,,,,,,,,,,,,,,,,
Hsa-Mir-129-P1,hsa-mir-129-2,MIR-129,AGCCCUU,MIMAT0000242,MIMAT0004605,chr11,43581408,43581471,+,Gnathostomata,Chordata,,No,1.0,1.0,1.0,,,,,,,,,,,,,,,,,,,,,,,,,,,,,,,,
Hsa-Mir-129-P2,hsa-mir-129-1,MIR-129,UUUUUGC,MIMAT0000242,MIMAT0004548,chr7,128207876,128207941,+,Gnathostomata,Chordata,,No,1.0,1.0,1.0,,,,,,,,,,,,,,,,,,,,,,,,,,,,,,,,
Hsa-Mir-130-P1c,hsa-mir-130a,MIR-130,AGUGCAA,MIMAT0004593,MIMAT0000425,chr11,57641212,57641273,+,Gnathostomata,Vertebrata,,Yes,1.0,,,,,,,,,,,,,,,,,,,,,,,,,,,,,,,,,,
Hsa-Mir-130-P2a,hsa-mir-301b,MIR-130,AGUGCAA,MIMAT0032026,MIMAT0004958,chr22,21652990,21653049,+,Gnathostomata,Vertebrata,,No,1.0,1.0,,,,,,,,,,,,,,,,,,,,,,,,,,,,,,,,,
Hsa-Mir-130-P2b,hsa-mir-301a,MIR-130,AGUGCAA,MIMAT0022696,MIMAT0000688,chr17,59151147,59151208,-,Gnathostomata,Vertebrata,,No,,,1.0,,,,,,,,,,,,,,,,,,,,,,,,,,,,,,,,
Hsa-Mir-130-P3b,hsa-mir-454,MIR-130,AGUGCAA,MIMAT0003884,MIMAT0003885,chr17,59137785,59137849,-,Gnathostomata,Vertebrata,,No,,1.0,,,,,,,,,,,,,,,,,,,,,,,,,,,,,,,,,
Hsa-Mir-130-P4a,hsa-mir-130b,MIR-130,CUCUUUC,MIMAT0004680,MIMAT0000691,chr22,21653316,21653375,+,Gnathostomata,Vertebrata,,Yes,,,1.0,,,,,,,,,,,,,,,,,,,,,,,,,,,,,,,,
Hsa-Mir-132-P1,hsa-mir-132,MIR-132,AACAGUC,MIMAT0004594,MIMAT0000426,chr17,2049929,2049986,-,Vertebrata,Vertebrata,,No,,1.0,,,,,,,,,,,,,,,,,,,,,,,,,,,,,,,,,
Hsa-Mir-132-P2,hsa-mir-212,MIR-132,CCUUGGC,MIMAT0022695,MIMAT0000269,chr17,2050289,2050350,-,Vertebrata,Vertebrata,,No,,,1.0,,,,,,,,,,,,,,,,,,,,,,,,,,,,,,,,
Hsa-Mir-133-P1 V,hsa-mir-133a-1,MIR-133,UUGGUCC,MIMAT0026478,MIMAT0000427,chr18,21825711,21825770,-,Gnathostomata,Bilateria,2.0,No,,,1.0,,,,,,,,,,,,,,,,,,,,,,,,,,,,,,,,
Hsa-Mir-133-P2 V,hsa-mir-133b,MIR-133,UUGGUCC,,MIMAT0000770,chr6,52148951,52149009,+,Gnathostomata,Bilateria,2.0,No,1.0,,,,,,,,,,,,,,,,,,,,,,,,,,,,,,,,,,
Hsa-Mir-133-P3 V,hsa-mir-133a-2,MIR-133,UUGGUCC,MIMAT0026478,MIMAT0000427,chr20,62564933,62564992,+,Gnathostomata,Bilateria,2.0,No,,,1.0,,,,,,,,,,,,,,,,,,,,,,,,,,,,,,,,
Hsa-Mir-134,hsa-mir-134,MIR-134,GUGACUG,MIMAT0000447,MIMAT0026481,chr14,101054694,101054754,+,Eutheria,Eutheria,,No,,,1.0,,,,,,,,,,,,,,,,,,,,,,,,,,,,,,,,
Hsa-Mir-135-P1,hsa-mir-135a-1,MIR-135,AUGGCUU,MIMAT0000428,MIMAT0004595,chr3,52294233,52294292,-,Gnathostomata,Chordata,,No,,,1.0,,,,,,,,,,,,,,,,,,,,,,,,,,,,,,,,
Hsa-Mir-135-P2,hsa-mir-135a-2,MIR-135,AUGGCUU,MIMAT0000428,MIMAT0037309,chr12,97563834,97563893,+,Gnathostomata,Chordata,,No,,,1.0,,,,,,,,,,,,,,,,,,,,,,,,,,,,,,,,
Hsa-Mir-135-P4,hsa-mir-135b,MIR-135,AUGGCUU,MIMAT0000758,MIMAT0004698,chr1,205448323,205448383,-,Gnathostomata,Chordata,,No,,,1.0,,,,,,,,,,,,,,,,,,,,,,,,,,,,,,,,
Hsa-Mir-136 V,hsa-mir-136,MIR-136,AUCAUCG,MIMAT0000448,MIMAT0004606,chr14,100884716,100884771,+,Eutheria,Eutheria,2.0,No,1.0,,,,,,,,,,,,,,,,,,,,,,,,,,,,,,,,,,
Hsa-Mir-137-P1 V,hsa-mir-137,MIR-137,UAUUGCU,MIMAT0037310,MIMAT0000429,chr1,98046091,98046149,-,Gnathostomata,Bilateria,2.0,No,,,1.0,,,,,,,,,,,,,,,,,,,,,,,,,,,,,,,,
Hsa-Mir-138-P1,hsa-mir-138-1,MIR-138,GCUGGUG,MIMAT0000430,MIMAT0004607,chr3,44114234,44114294,+,Vertebrata,Vertebrata,,No,1.0,,1.0,,,,,,,,,,,,,,,,,,,,,,,,,,,,,,,,
Hsa-Mir-138-P2,hsa-mir-138-2,MIR-138,GCUGGUG,MIMAT0000430,MIMAT0004596,chr16,56858527,56858594,+,Vertebrata,Vertebrata,,Yes,,,1.0,,,,,,,,,,,,,,,,,,,,,,,,,,,,,,,,
Hsa-Mir-139,hsa-mir-139,MIR-139,CUACAGU,MIMAT0000250,MIMAT0004552,chr11,72615066,72615124,-,Gnathostomata,Gnathostomata,,No,1.0,1.0,,,,,,,,,,,,,,,,,,,,,,,,,,,,,,,,,
Hsa-Mir-140-P2 V,hsa-mir-140,MIR-140,CCACAGG,MIMAT0000431,MIMAT0004597,chr16,69933103,69933164,+,Gnathostomata,Vertebrata,2.0,No,,,1.0,,,,,,,,,,,,,,,,,,,,,,,,,,,,,,,,
Hsa-Mir-142-P2 V,hsa-mir-142,MIR-142,AUAAAGU,MIMAT0000433,MIMAT0000434,chr17,58331245,58331303,-,Gnathostomata,Vertebrata,4.0,No,,,1.0,,,,,,,,,,,,,,,,,,,,,,,,,,,,,,,,
Hsa-Mir-143,hsa-mir-143,MIR-143,GAGAUGA,MIMAT0004599,MIMAT0000435,chr5,149428944,149428998,+,Vertebrata,Vertebrata,,Yes,,,,,,,,,,,,,,,,,,,,,,,,,,,,,,,,,,,
Hsa-Mir-144 V,hsa-mir-144,MIR-144,ACAGUAU,MIMAT0004600,MIMAT0000436,chr17,28861547,28861604,-,Vertebrata,Vertebrata,2.0,No,1.0,,,,,,,,,,,,,,,,,,,,,,,,,,,,,,,,,,
Hsa-Mir-145,hsa-mir-145,MIR-145,UCCAGUU,MIMAT0000437,MIMAT0004601,chr5,149430661,149430720,+,Vertebrata,Vertebrata,,Yes,,,1.0,,,,,,,,,,,,,,,,,,,,,,,,,,,,,,,,
Hsa-Mir-146-P1,hsa-mir-146b,MIR-146,GAGAACU,MIMAT0002809,MIMAT0004766,chr10,102436520,102436578,+,Gnathostomata,Vertebrata,,No,1.0,,1.0,,,,,,,,,,,,,,,,,,,,,,,,,,,,,,,,
Hsa-Mir-146-P4,hsa-mir-146a,MIR-146,GAGAACU,MIMAT0000449,MIMAT0004608,chr5,160485372,160485428,+,Gnathostomata,Vertebrata,,No,1.0,1.0,1.0,,,,,,,,,,,,,,,,,,,,,,,,,,,,,,,,
Hsa-Mir-147 V,hsa-mir-147b,MIR-147,UGUGCGG,MIMAT0037331,MIMAT0004928,chr15,45433060,45433119,+,Vertebrata,Vertebrata,2.0,No,,,1.0,,,,,,,,,,,,,,,,,,,,,,,,,,,,,,,,
Hsa-Mir-148-P1,hsa-mir-148a,MIR-148,CAGUGCA,MIMAT0004549,MIMAT0000243,chr7,25949922,25949981,-,Gnathostomata,Vertebrata,,No,1.0,,1.0,,,,,,,,,,,,,,,,,,,,,,,,,,,,,,,,
Hsa-Mir-148-P3,hsa-mir-152,MIR-148,CAGUGCA,MIMAT0026479,MIMAT0000438,chr17,48037174,48037232,-,Gnathostomata,Vertebrata,,No,,,1.0,,,,,,,,,,,,,,,,,,,,,,,,,,,,,,,,
Hsa-Mir-148-P4,hsa-mir-148b,MIR-148,CAGUGCA,MIMAT0004699,MIMAT0000759,chr12,54337239,54337299,+,Gnathostomata,Vertebrata,,No,,1.0,1.0,,,,,,,,,,,,,,,,,,,,,,,,,,,,,,,,
Hsa-Mir-149,hsa-mir-149,MIR-149,CUGGCUC,MIMAT0000450,MIMAT0004609,chr2,240456015,240456076,+,Eutheria,Eutheria,,No,,1.0,,,,,,,,,,,,,,,,,,,,,,,,,,,,,,,,,
Hsa-Mir-150,hsa-mir-150,MIR-150,CUCCCAA,MIMAT0000451,MIMAT0004610,chr19,49500798,49500853,-,Gnathostomata,Gnathostomata,,No,,,1.0,,,,,,,,,,,,,,,,,,,,,,,,,,,,,,,,
Hsa-Mir-151,hsa-mir-151a,MIR-151,CGAGGAG,MIMAT0004697,MIMAT0000757,chr8,140732587,140732643,-,Eutheria,Eutheria,,No,,1.0,1.0,,,,,,,,,,,,,,,,,,,,,,,,,,,,,,,,
Hsa-Mir-153-P1,hsa-mir-153-2,MIR-153,UGCAUAG,MIMAT0026480,MIMAT0000439,chr7,157574349,157574409,-,Gnathostomata,Bilateria,,No,,,,,,,,,,,,,,,,,,,,,,,,,,,,,,,,,,,
Hsa-Mir-153-P2,hsa-mir-153-1,MIR-153,UGCAUAG,,MIMAT0000439,chr2,219294126,219294185,-,Gnathostomata,Bilateria,,No,,,1.0,,,,,,,,,,,,,,,,,,,,,,,,,,,,,,,,
Hsa-Mir-154-P1,hsa-mir-379,MIR-154,GGUAGAC,MIMAT0000733,MIMAT0004690,chr14,101022071,101022129,+,Eutheria,Eutheria,,No,,,1.0,,,,,,,,,,,,,,,,,,,,,,,,,,,,,,,,
Hsa-Mir-154-P2 V,hsa-mir-411,MIR-154,AGUAGAC,MIMAT0003329,MIMAT0004813,chr14,101023340,101023395,+,Eutheria,Eutheria,2.0,No,,,1.0,,,,,,,,,,,,,,,,,,,,,,,,,,,,,,,,
Hsa-Mir-154-P3 V,hsa-mir-299,MIR-154,AUGUGGG,MIMAT0002890,MIMAT0000687,chr14,101023799,101023853,+,Eutheria,Eutheria,2.0,No,,,,,,,,,,,,,,,,,,,,,,,,,,,,,,,,,,,
Hsa-Mir-154-P4,hsa-mir-380,MIR-154,AUGUAAU,MIMAT0000734,MIMAT0000735,chr14,101025020,101025076,+,Eutheria,Eutheria,,No,,,,,,,,,,,,,,,,,,,,,,,,,,,,,,,,,,,
Hsa-Mir-154-P5,hsa-mir-1197,MIR-154,AGGACAC,,MIMAT0005955,chr14,101025585,101025640,+,Eutheria,Eutheria,,No,,,1.0,,,,,,,,,,,,,,,,,,,,,,,,,,,,,,,,
Hsa-Mir-154-P6a V,hsa-mir-323a,MIR-154,ACAUUAC,MIMAT0004696,MIMAT0000755,chr14,101025747,101025802,+,Eutheria,Eutheria,2.0,No,1.0,,1.0,,,,,,,,,,,,,,,,,,,,,,,,,,,,,,,,
Hsa-Mir-154-P6b,hsa-mir-323b,MIR-154,CCAAUAC,MIMAT0001630,MIMAT0015050,chr14,101056233,101056289,+,Eutheria,Eutheria,,No,1.0,,1.0,,,,,,,,,,,,,,,,,,,,,,,,,,,,,,,,
Hsa-Mir-154-P7,hsa-mir-758,MIR-154,UUGUGAC,MIMAT0022929,MIMAT0003879,chr14,101026035,101026092,+,Eutheria,Eutheria,,No,,,1.0,,,,,,,,,,,,,,,,,,,,,,,,,,,,,,,,
Hsa-Mir-154-P8a,hsa-mir-329-1,MIR-154,ACACACC,MIMAT0026555,MIMAT0001629,chr14,101026796,101026855,+,Eutheria,Eutheria,,No,,,1.0,,,,,,,,,,,,,,,,,,,,,,,,,,,,,,,,
Hsa-Mir-154-P8b,hsa-mir-329-2,MIR-154,ACACACC,MIMAT0026555,MIMAT0001629,chr14,101027113,101027172,+,Eutheria,Eutheria,,No,,,1.0,,,,,,,,,,,,,,,,,,,,,,,,,,,,,,,,
Hsa-Mir-154-P9,hsa-mir-494,MIR-154,GAAACAU,MIMAT0026607,MIMAT0002816,chr14,101029648,101029703,+,Eutheria,Eutheria,,No,,,1.0,,,,,,,,,,,,,,,,,,,,,,,,,,,,,,,,
Hsa-Mir-154-P10,hsa-mir-1193,MIR-154,AGGUCAC,MIMAT0015049,,chr14,101030064,101030120,+,Eutheria,Eutheria,,No,,,,,,,,,,,,,,,,,,,,,,,,,,,,,,,,,,,
Hsa-Mir-154-P11,hsa-mir-543,MIR-154,AACAUUC,,MIMAT0004954,chr14,101031997,101032054,+,Eutheria,Eutheria,,No,,,1.0,,,,,,,,,,,,,,,,,,,,,,,,,,,,,,,,
Hsa-Mir-154-P12,hsa-mir-495,MIR-154,AACAAAC,MIMAT0022924,MIMAT0002817,chr14,101033768,101033825,+,Eutheria,Eutheria,,No,,,1.0,,,,,,,,,,,,,,,,,,,,,,,,,,,,,,,,
Hsa-Mir-154-P14,hsa-mir-654,MIR-154,AUGUCUG,MIMAT0003330,MIMAT0004814,chr14,101040234,101040289,+,Eutheria,Eutheria,,No,,,,,,,,,,,,,,,,,,,,,,,,,,,,,,,,,,,
Hsa-Mir-154-P16a,hsa-mir-1185-1,MIR-154,UAUACAG,MIMAT0005798,MIMAT0022838,chr14,101042991,101043050,+,Simiiformes,Eutheria,,No,,,,,,,,,,,,,,,,,,,,,,,,,,,,,,,,,,,
Hsa-Mir-154-P16b,hsa-mir-1185-2,MIR-154,GAGGAUA,MIMAT0005798,MIMAT0022713,chr14,101044212,101044271,+,Simiiformes,Eutheria,,No,,,,,,,,,,,,,,,,,,,,,,,,,,,,,,,,,,,
Hsa-Mir-154-P17,hsa-mir-381,MIR-154,AUACAAG,MIMAT0022862,MIMAT0000736,chr14,101045927,101045989,+,Eutheria,Eutheria,,No,1.0,,,,,,,,,,,,,,,,,,,,,,,,,,,,,,,,,,
Hsa-Mir-154-P18,hsa-mir-487b,MIR-154,AUCGUAC,MIMAT0026614,MIMAT0003180,chr14,101046469,101046526,+,Eutheria,Eutheria,,No,,,,,,,,,,,,,,,,,,,,,,,,,,,,,,,,,,,
Hsa-Mir-154-P19,hsa-mir-539,MIR-154,UCAUACA,MIMAT0003163,MIMAT0022705,chr14,101047329,101047392,+,Eutheria,Eutheria,,No,1.0,,1.0,,,,,,,,,,,,,,,,,,,,,,,,,,,,,,,,
Hsa-Mir-154-P20,hsa-mir-889,MIR-154,UAAUAUC,MIMAT0026719,MIMAT0004921,chr14,101047911,101047969,+,Eutheria,Eutheria,,No,,,1.0,,,,,,,,,,,,,,,,,,,,,,,,,,,,,,,,
Hsa-Mir-154-P21,hsa-mir-655,MIR-154,UAAUACA,MIMAT0026626,MIMAT0003331,chr14,101049572,101049631,+,Eutheria,Eutheria,,No,,,1.0,,,,,,,,,,,,,,,,,,,,,,,,,,,,,,,,
Hsa-Mir-154-P23,hsa-mir-487a,MIR-154,AUCAUAC,MIMAT0026559,MIMAT0002178,chr14,101052458,101052515,+,Eutheria,Eutheria,,No,,,1.0,,,,,,,,,,,,,,,,,,,,,,,,,,,,,,,,
Hsa-Mir-154-P24,hsa-mir-382,MIR-154,AAGUUGU,MIMAT0000737,MIMAT0022697,chr14,101054316,101054373,+,Eutheria,Eutheria,,No,,,1.0,,,,,,,,,,,,,,,,,,,,,,,,,,,,,,,,
Hsa-Mir-154-P25,hsa-mir-485,MIR-154,GAGGCUG,MIMAT0002175,MIMAT0002176,chr14,101055427,101055485,+,Eutheria,Eutheria,,No,1.0,,1.0,,,,,,,,,,,,,,,,,,,,,,,,,,,,,,,,
Hsa-Mir-154-P26,hsa-mir-154,MIR-154,AGGUUAU,MIMAT0000452,MIMAT0000453,chr14,101059769,101059826,+,Eutheria,Eutheria,,No,,,1.0,,,,,,,,,,,,,,,,,,,,,,,,,,,,,,,,
Hsa-Mir-154-P28 V,hsa-mir-496,MIR-154,GAGUAUU,,MIMAT0002818,chr14,101060596,101060649,+,Eutheria,Eutheria,2.0,No,,,1.0,,,,,,,,,,,,,,,,,,,,,,,,,,,,,,,,
Hsa-Mir-154-P29,hsa-mir-377,MIR-154,UCACACA,MIMAT0004689,MIMAT0000730,chr14,101062056,101062115,+,Eutheria,Eutheria,,No,,,,,,,,,,,,,,,,,,,,,,,,,,,,,,,,,,,
Hsa-Mir-154-P30,hsa-mir-409,MIR-154,AAUGUUG,MIMAT0001638,MIMAT0001639,chr14,101065314,101065367,+,Eutheria,Eutheria,,No,1.0,,1.0,,,,,,,,,,,,,,,,,,,,,,,,,,,,,,,,
Hsa-Mir-154-P31,hsa-mir-412,MIR-154,GGUCGAC,MIMAT0026557,MIMAT0002170,chr14,101065465,101065519,+,Eutheria,Eutheria,,No,,1.0,1.0,,,,,,,,,,,,,,,,,,,,,,,,,,,,,,,,
Hsa-Mir-154-P32,hsa-mir-369,MIR-154,GAUCGAC,MIMAT0001621,MIMAT0000721,chr14,101065606,101065661,+,Eutheria,Eutheria,,No,1.0,,1.0,,,,,,,,,,,,,,,,,,,,,,,,,,,,,,,,
Hsa-Mir-154-P33,hsa-mir-410,MIR-154,AUAUAAC,MIMAT0026558,MIMAT0002171,chr14,101065925,101065981,+,Eutheria,Eutheria,,No,,,1.0,,,,,,,,,,,,,,,,,,,,,,,,,,,,,,,,
Hsa-Mir-154-P34,hsa-mir-656,MIR-154,AUAUUAU,MIMAT0026627,MIMAT0003332,chr14,101066731,101066786,+,Eutheria,Eutheria,,No,,,1.0,,,,,,,,,,,,,,,,,,,,,,,,,,,,,,,,
Hsa-Mir-155,hsa-mir-155,MIR-155,UAAUGCU,MIMAT0000646,MIMAT0004658,chr21,25573983,25574043,+,Vertebrata,Vertebrata,,No,,,,,,,,,,,,,,,,,,,,,,,,,,,,,,,,,,,
Hsa-Mir-181-P1a,hsa-mir-181a-1,MIR-181,ACAUUCA,MIMAT0000256,MIMAT0000270,chr1,198859069,198859130,-,Gnathostomata,Vertebrata,,No,,,1.0,,,,,,,,,,,,,,,,,,,,,,,,,,,,,,,,
Hsa-Mir-181-P1b,hsa-mir-181a-2,MIR-181,ACAUUCA,MIMAT0000256,MIMAT0004558,chr9,124692480,124692539,+,Gnathostomata,Vertebrata,,No,,,1.0,,,,,,,,,,,,,,,,,,,,,,,,,,,,,,,,
Hsa-Mir-181-P1c,hsa-mir-181c,MIR-181,ACAUUCA,MIMAT0000258,MIMAT0004559,chr19,13874725,13874785,+,Gnathostomata,Vertebrata,,No,,,1.0,,,,,,,,,,,,,,,,,,,,,,,,,,,,,,,,
Hsa-Mir-181-P2a,hsa-mir-181b-1,MIR-181,ACAUUCA,MIMAT0000257,MIMAT0022692,chr1,198858888,198858947,-,Gnathostomata,Vertebrata,,Yes,,,,,,,,,,,,,,,,,,,,,,,,,,,,,,,,,,,
Hsa-Mir-181-P2b,hsa-mir-181b-2,MIR-181,ACAUUCA,MIMAT0000257,MIMAT0031893,chr9,124693725,124693784,+,Gnathostomata,Vertebrata,,No,1.0,,,,,,,,,,,,,,,,,,,,,,,,,,,,,,,,,,
Hsa-Mir-181-P2c,hsa-mir-181d,MIR-181,ACAUUCA,MIMAT0002821,MIMAT0026608,chr19,13874910,13874972,+,Gnathostomata,Vertebrata,,Yes,,1.0,,,,,,,,,,,,,,,,,,,,,,,,,,,,,,,,,
Hsa-Mir-184,hsa-mir-184,MIR-184,GGACGGA,,MIMAT0000454,chr15,79209800,79209861,+,Nephrozoa,Nephrozoa,,No,,,1.0,,,,,,,,,,,,,,,,,,,,,,,,,,,,,,,,
Hsa-Mir-185,hsa-mir-185,MIR-185,GGAGAGA,MIMAT0000455,MIMAT0004611,chr22,20033153,20033208,+,Eutheria,Eutheria,,No,,,1.0,,,,,,,,,,,,,,,,,,,,,,,,,,,,,,,,
Hsa-Mir-186,hsa-mir-186,MIR-186,AAAGAAU,MIMAT0000456,MIMAT0004612,chr1,71067642,71067702,-,Mammalia,Mammalia,,No,1.0,,1.0,,,,,,,,,,,,,,,,,,,,,,,,,,,,,,,,
Hsa-Mir-187,hsa-mir-187,MIR-187,CGUGUCU,MIMAT0004561,MIMAT0000262,chr18,35904835,35904892,-,Osteichthyes,Osteichthyes,,Yes,,,1.0,,,,,,,,,,,,,,,,,,,,,,,,,,,,,,,,
Hsa-Mir-188-P1,hsa-mir-532,MIR-188,AUGCCUU,MIMAT0002888,MIMAT0004780,chrX,50003167,50003225,+,Eutheria,Eutheria,,No,1.0,,1.0,,,,,,,,,,,,,,,,,,,,,,,,,,,,,,,,
Hsa-Mir-188-P2,hsa-mir-188,MIR-188,AUCCCUU,MIMAT0000457,MIMAT0004613,chrX,50003517,50003576,+,Eutheria,Eutheria,,No,1.0,,,,,,,,,,,,,,,,,,,,,,,,,,,,,,,,,,
Hsa-Mir-188-P3,hsa-mir-660,MIR-188,ACCCAUU,MIMAT0003338,MIMAT0022711,chrX,50013256,50013314,+,Eutheria,Eutheria,,No,1.0,,1.0,,,,,,,,,,,,,,,,,,,,,,,,,,,,,,,,
Hsa-Mir-190-P1,hsa-mir-190a,MIR-190,GAUAUGU,MIMAT0000458,MIMAT0026482,chr15,62823971,62824029,+,Gnathostomata,Bilateria,,No,1.0,,1.0,,,,,,,,,,,,,,,,,,,,,,,,,,,,,,,,
Hsa-Mir-190-P3,hsa-mir-190b,MIR-190,GAUAUGU,MIMAT0004929,MIMAT0037332,chr1,154193674,154193733,-,Gnathostomata,Bilateria,,No,1.0,,1.0,,,,,,,,,,,,,,,,,,,,,,,,,,,,,,,,
Hsa-Mir-191,hsa-mir-191,MIR-191,AACGGAA,MIMAT0000440,MIMAT0001618,chr3,49020631,49020694,-,Gnathostomata,Gnathostomata,,No,,,1.0,,,,,,,,,,,,,,,,,,,,,,,,,,,,,,,,
Hsa-Mir-192-P2,hsa-mir-215,MIR-192,UGACCUA,MIMAT0000272,MIMAT0026476,chr1,220117877,220117936,-,Vertebrata,Vertebrata,,No,1.0,,1.0,,,,,,,,,,,,,,,,,,,,,,,,,,,,,,,,
Hsa-Mir-192-P4,hsa-mir-192,MIR-192,UGACCUA,MIMAT0000222,MIMAT0004543,chr11,64891159,64891223,-,Vertebrata,Vertebrata,,Yes,,,,,,,,,,,,,,,,,,,,,,,,,,,,,,,,,,,
Hsa-Mir-193-P1a,hsa-mir-193b,MIR-193,ACUGGCC,MIMAT0004767,MIMAT0002819,chr16,14303980,14304038,+,Vertebrata,Bilateria,,No,1.0,,1.0,,,,,,,,,,,,,,,,,,,,,,,,,,,,,,,,
Hsa-Mir-193-P1b,hsa-mir-193a,MIR-193,ACUGGCC,MIMAT0004614,MIMAT0000459,chr17,31560016,31560071,+,Vertebrata,Bilateria,,No,1.0,,1.0,,,,,,,,,,,,,,,,,,,,,,,,,,,,,,,,
Hsa-Mir-193-P2a,hsa-mir-365a,MIR-193,AAUGCCC,MIMAT0009199,MIMAT0000710,chr16,14309300,14309360,+,Vertebrata,Bilateria,,Yes,,,1.0,,,,,,,,,,,,,,,,,,,,,,,,,,,,,,,,
Hsa-Mir-193-P2b,hsa-mir-365b,MIR-193,AAUGCCC,MIMAT0022833,MIMAT0022834,chr17,31575438,31575499,+,Vertebrata,Bilateria,,No,,,1.0,,,,,,,,,,,,,,,,,,,,,,,,,,,,,,,,
Hsa-Mir-194-P2,hsa-mir-194-1,MIR-194,GUAACAG,MIMAT0000460,,chr1,220118170,220118227,-,Vertebrata,Vertebrata,,No,,,1.0,,,,,,,,,,,,,,,,,,,,,,,,,,,,,,,,
Hsa-Mir-194-P4,hsa-mir-194-2,MIR-194,GUAACAG,MIMAT0000460,MIMAT0004671,chr11,64891368,64891425,-,Vertebrata,Vertebrata,,Yes,1.0,1.0,1.0,,,,,,,,,,,,,,,,,,,,,,,,,,,,,,,,
Hsa-Mir-196-P1,hsa-mir-196b,MIR-196,AGGUAGU,MIMAT0001080,MIMAT0009201,chr7,27169492,27169549,-,Gnathostomata,Olfactores,,No,,,1.0,,,,,,,,,,,,,,,,,,,,,,,,,,,,,,,,
Hsa-Mir-196-P3,hsa-mir-196a-1,MIR-196,AGGUAGU,MIMAT0000226,MIMAT0037307,chr17,48632494,48632553,-,Gnathostomata,Olfactores,,No,,,1.0,,,,,,,,,,,,,,,,,,,,,,,,,,,,,,,,
Hsa-Mir-196-P4,hsa-mir-196a-2,MIR-196,AGGUAGU,MIMAT0000226,MIMAT0004562,chr12,53991762,53991820,+,Gnathostomata,Olfactores,,No,,,1.0,,,,,,,,,,,,,,,,,,,,,,,,,,,,,,,,
Hsa-Mir-197,hsa-mir-197,MIR-197,UCACCAC,MIMAT0022691,MIMAT0000227,chr1,109598901,109598961,+,Eutheria,Eutheria,,No,,,,,,,,,,,,,,,,,,,,,,,,,,,,,,,,,,,
Hsa-Mir-199-P1 V,hsa-mir-199a-2,MIR-199,CAGUAGU,MIMAT0000231,MIMAT0000232,chr1,172144554,172144614,-,Gnathostomata,Vertebrata,3.0,No,,,1.0,,,,,,,,,,,,,,,,,,,,,,,,,,,,,,,,
Hsa-Mir-199-P2 V,hsa-mir-199b,MIR-199,CAGUAGU,MIMAT0000263,MIMAT0004563,chr9,128244745,128244805,-,Gnathostomata,Vertebrata,3.0,No,,,,,,,,,,,,,,,,,,,,,,,,,,,,,,,,,,,
Hsa-Mir-199-P3 V,hsa-mir-199a-1,MIR-199,CAGUAGU,MIMAT0000231,MIMAT0000232,chr19,10817429,10817491,-,Gnathostomata,Vertebrata,3.0,No,,,1.0,,,,,,,,,,,,,,,,,,,,,,,,,,,,,,,,
Hsa-Mir-202,hsa-mir-202,MIR-202,UCCUAUG,MIMAT0002810,MIMAT0002811,chr10,133247536,133247593,-,Vertebrata,Vertebrata,,No,,,1.0,,,,,,,,,,,,,,,,,,,,,,,,,,,,,,,,
Hsa-Mir-203 V,hsa-mir-203a,MIR-203,UGAAAUG,MIMAT0031890,MIMAT0000264,chr14,104117431,104117490,+,Vertebrata,Vertebrata,2.0,No,,,1.0,,,,,,,,,,,,,,,,,,,,,,,,,,,,,,,,
Hsa-Mir-204-P1,hsa-mir-211,MIR-204,UCCCUUU,MIMAT0000268,MIMAT0022694,chr15,31065059,31065116,-,Gnathostomata,Vertebrata,,No,1.0,,1.0,,,,,,,,,,,,,,,,,,,,,,,,,,,,,,,,
Hsa-Mir-204-P2,hsa-mir-204,MIR-204,UCCCUUU,MIMAT0000265,MIMAT0022693,chr9,70809993,70810052,-,Gnathostomata,Vertebrata,,No,1.0,,1.0,,,,,,,,,,,,,,,,,,,,,,,,,,,,,,,,
Hsa-Mir-205-P4,hsa-mir-205,MIR-205,CCUUCAU,MIMAT0000266,MIMAT0009197,chr1,209432166,209432224,+,Gnathostomata,Vertebrata,,No,,,1.0,,,,,,,,,,,,,,,,,,,,,,,,,,,,,,,,
Hsa-Mir-208-P1 V,hsa-mir-208b,MIR-208,UAAGACG,MIMAT0026722,MIMAT0004960,chr14,23417997,23418053,-,Vertebrata,Vertebrata,2.0,No,,,,,,,,,,,,,,,,,,,,,,,,,,,,,,,,,,,
Hsa-Mir-208-P2,hsa-mir-208a,MIR-208,UAAGACG,MIMAT0026474,MIMAT0000241,chr14,23388602,23388658,-,Vertebrata,Vertebrata,,No,,,1.0,,,,,,,,,,,,,,,,,,,,,,,,,,,,,,,,
Hsa-Mir-210,hsa-mir-210,MIR-210,UGUGCGU,MIMAT0026475,MIMAT0000267,chr11,568112,568171,-,Bilateria,Bilateria,,No,,,1.0,,,,,,,,,,,,,,,,,,,,,,,,,,,,,,,,
Hsa-Mir-214 V,hsa-mir-214,MIR-214,CAGCAGG,MIMAT0004564,MIMAT0000271,chr1,172138816,172138878,-,Gnathostomata,Gnathostomata,2.0,No,,,,,,,,,,,,,,,,,,,,,,,,,,,,,,,,,,,
Hsa-Mir-216-P2a,hsa-mir-216b,MIR-216,AAUCUCU,MIMAT0004959,MIMAT0026721,chr2,56000724,56000785,-,Vertebrata,Nephrozoa,,No,,1.0,,,,,,,,,,,,,,,,,,,,,,,,,,,,,,,,,
Hsa-Mir-216-P2b,hsa-mir-216a,MIR-216,AAUCUCA,MIMAT0000273,MIMAT0022844,chr2,55988980,55989041,-,Vertebrata,Nephrozoa,,No,,,,,,,,,,,,,,,,,,,,,,,,,,,,,,,,,,,
Hsa-Mir-217 V,hsa-mir-217,MIR-217,ACUGCAU,MIMAT0000274,MIMAT0037308,chr2,55982984,55983042,-,Chordata,Chordata,2.0,No,,,1.0,,,,,,,,,,,,,,,,,,,,,,,,,,,,,,,,
Hsa-Mir-218-P2,hsa-mir-218-1,MIR-218,UGUGCUU,MIMAT0000275,MIMAT0004565,chr4,20528299,20528362,+,Gnathostomata,Vertebrata,,No,,,1.0,,,,,,,,,,,,,,,,,,,,,,,,,,,,,,,,
Hsa-Mir-218-P4,hsa-mir-218-2,MIR-218,UGUGCUU,MIMAT0000275,MIMAT0004566,chr5,168768168,168768231,-,Gnathostomata,Vertebrata,,No,1.0,,1.0,,,,,,,,,,,,,,,,,,,,,,,,,,,,,,,,
Hsa-Mir-219-P2,hsa-mir-219a-2,MIR-219,GAUUGUC,MIMAT0000276,MIMAT0004675,chr9,128392632,128392696,-,Gnathostomata,Bilateria,,No,,,1.0,,,,,,,,,,,,,,,,,,,,,,,,,,,,,,,,
Hsa-Mir-219-P2-as,hsa-mir-219b,MIR-219,GAUGUCC,MIMAT0019747,MIMAT0019748,chr9,128392634,128392698,+,Eutheria,Bilateria,,No,,,,,,,,,,,,,,,,,,,,,,,,,,,,,,,,,,,
Hsa-Mir-219-P3,hsa-mir-219a-1,MIR-219,GAUUGUC,MIMAT0000276,MIMAT0004567,chr6,33207855,33207917,+,Gnathostomata,Bilateria,,Yes,,,1.0,,,,,,,,,,,,,,,,,,,,,,,,,,,,,,,,
Hsa-Mir-221-P1a,hsa-mir-222,MIR-221,GCUACAU,MIMAT0004569,MIMAT0000279,chrX,45747033,45747096,-,Gnathostomata,Vertebrata,,Yes,,1.0,1.0,,,,,,,,,,,,,,,,,,,,,,,,,,,,,,,,
Hsa-Mir-221-P2a,hsa-mir-221,MIR-221,GCUACAU,MIMAT0004568,MIMAT0000278,chrX,45746180,45746242,-,Gnathostomata,Vertebrata,,No,,,,,,,,,,,,,,,,,,,,,,,,,,,,,,,,,,,
Hsa-Mir-223 V,hsa-mir-223,MIR-223,GUCAGUU,MIMAT0004570,MIMAT0000280,chrX,66018895,66018959,+,Vertebrata,Vertebrata,2.0,No,,,1.0,,,,,,,,,,,,,,,,,,,,,,,,,,,,,,,,
Hsa-Mir-224,hsa-mir-224,MIR-224,AAGUCAC,MIMAT0000281,MIMAT0009198,chrX,151958583,151958651,-,Eutheria,Eutheria,,No,,,1.0,,,,,,,,,,,,,,,,,,,,,,,,,,,,,,,,
Hsa-Mir-296,hsa-mir-296,MIR-296,GGGCCCC,MIMAT0000690,MIMAT0004679,chr20,58817626,58817681,-,Eutheria,Eutheria,,No,,1.0,,,,,,,,,,,,,,,,,,,,,,,,,,,,,,,,,
Hsa-Mir-320-P1,hsa-mir-320a,MIR-320,AAAGCUG,MIMAT0037311,MIMAT0000510,chr8,22244975,22245028,-,Primates,Eutheria,,No,,,,,,,,,,,,,,,,,,,,,,,,,,,,,,,,,,,
Hsa-Mir-320-P2a,hsa-mir-320b-1,MIR-320,AAAGCUG,,MIMAT0005792,chr1,116671755,116671808,+,Catarrhini,Eutheria,,No,,,,,,,,,,,,,,,,,,,,,,,,,,,,,,,,,,,
Hsa-Mir-320-P2b,hsa-mir-320b-2,MIR-320,AAAGCUG,,MIMAT0005792,chr1,224257049,224257101,-,Catarrhini,Eutheria,,No,,,,,,,,,,,,,,,,,,,,,,,,,,,,,,,,,,,
Hsa-Mir-320-P3,hsa-mir-320c-1,MIR-320,AAAGCUG,,MIMAT0005793,chr18,21683527,21683580,+,Catarrhini,Eutheria,,No,,,,,,,,,,,,,,,,,,,,,,,,,,,,,,,,,,,
Hsa-Mir-320-P4,hsa-mir-320c-2,MIR-320,AAAGCUG,,MIMAT0005793,chr18,24321684,24321737,+,Catarrhini,Eutheria,,No,,,,,,,,,,,,,,,,,,,,,,,,,,,,,,,,,,,
Hsa-Mir-324,hsa-mir-324,MIR-324,GCAUCCC,MIMAT0000761,MIMAT0000762,chr17,7223308,7223364,-,Eutheria,Eutheria,,No,1.0,,1.0,,,,,,,,,,,,,,,,,,,,,,,,,,,,,,,,
Hsa-Mir-325,hsa-mir-325,MIR-325,UUAUUGA,MIMAT0000771,,chrX,77005427,77005486,-,Theria,Theria,,Unknown,,,,,,,,,,,,,,,,,,,,,,,,,,,,,,,,,,,
Hsa-Mir-326,hsa-mir-326,MIR-326,CUCUGGG,,MIMAT0000756,chr11,75335108,75335167,-,Eutheria,Eutheria,,Yes,,,,,,,,,,,,,,,,,,,,,,,,,,,,,,,,,,,
Hsa-Mir-328,hsa-mir-328,MIR-328,UGGCCCU,MIMAT0026486,MIMAT0000752,chr16,67202328,67202388,-,Eutheria,Eutheria,,Yes,,,,,,,,,,,,,,,,,,,,,,,,,,,,,,,,,,,
Hsa-Mir-330 V,hsa-mir-330,MIR-330,CUCUGGG,MIMAT0004693,MIMAT0000751,chr19,45639007,45639070,-,Eutheria,Eutheria,2.0,No,1.0,,,,,,,,,,,,,,,,,,,,,,,,,,,,,,,,,,
Hsa-Mir-331,hsa-mir-331,MIR-331,CCCCUGG,MIMAT0004700,MIMAT0000760,chr12,95308445,95308500,+,Eutheria,Eutheria,,No,1.0,,1.0,,,,,,,,,,,,,,,,,,,,,,,,,,,,,,,,
Hsa-Mir-335,hsa-mir-335,MIR-335,CAAGAGC,MIMAT0000765,MIMAT0004703,chr7,130496126,130496183,+,Eutheria,Eutheria,,No,,,,,,,,,,,,,,,,,,,,,,,,,,,,,,,,,,,
Hsa-Mir-337-as,,MIR-337,GAAAGGC,,,chr14,100874513,100874572,-,Euarchontoglires,Eutheria,,No,,,1.0,,,,,,,,,,,,,,,,,,,,,,,,,,,,,,,,
Hsa-Mir-337 V,hsa-mir-337,MIR-337,AACGGCU,MIMAT0004695,MIMAT0000754,chr14,100874515,100874574,+,Eutheria,Eutheria,2.0,No,,,,,,,,,,,,,,,,,,,,,,,,,,,,,,,,,,,
Hsa-Mir-338-P2,hsa-mir-338,MIR-338,CCAGCAU,MIMAT0004701,MIMAT0000763,chr17,81125886,81125944,-,Vertebrata,Vertebrata,,No,,,1.0,,,,,,,,,,,,,,,,,,,,,,,,,,,,,,,,
Hsa-Mir-338-P2-as,hsa-mir-3065,MIR-338,CAACAAA,MIMAT0015066,MIMAT0015378,chr17,81125886,81125948,+,Amniota,Vertebrata,,Yes,,,1.0,,,,,,,,,,,,,,,,,,,,,,,,,,,,,,,,
Hsa-Mir-339,hsa-mir-339,MIR-339,CCCUGUC,MIMAT0000764,MIMAT0004702,chr7,1022955,1023012,-,Eutheria,Eutheria,,No,,1.0,1.0,,,,,,,,,,,,,,,,,,,,,,,,,,,,,,,,
Hsa-Mir-340,hsa-mir-340,MIR-340,UAUAAAG,MIMAT0004692,MIMAT0000750,chr5,180015318,180015382,-,Eutheria,Eutheria,,No,1.0,,1.0,,,,,,,,,,,,,,,,,,,,,,,,,,,,,,,,
Hsa-Mir-342,hsa-mir-342,MIR-342,CUCACAC,MIMAT0004694,MIMAT0000753,chr14,100109673,100109739,+,Eutheria,Eutheria,,No,,,1.0,,,,,,,,,,,,,,,,,,,,,,,,,,,,,,,,
Hsa-Mir-345,hsa-mir-345,MIR-345,CUGACUC,MIMAT0000772,MIMAT0022698,chr14,100307876,100307933,+,Eutheria,Eutheria,,Yes,,,1.0,,,,,,,,,,,,,,,,,,,,,,,,,,,,,,,,
Hsa-Mir-346,hsa-mir-346,MIR-346,GUCUGCC,MIMAT0000773,,chr10,86264710,86264769,-,Eutheria,Eutheria,,No,,,1.0,,,,,,,,,,,,,,,,,,,,,,,,,,,,,,,,
Hsa-Mir-361 V,hsa-mir-361,MIR-361,UAUCAGA,MIMAT0000703,MIMAT0004682,chrX,85903639,85903702,-,Eutheria,Eutheria,2.0,No,1.0,,1.0,,,,,,,,,,,,,,,,,,,,,,,,,,,,,,,,
Hsa-Mir-362-P3a V,hsa-mir-500a,MIR-362,AUGCACC,MIMAT0004773,MIMAT0002871,chrX,50008443,50008504,+,Eutheria,Eutheria,2.0,No,,,1.0,,,,,,,,,,,,,,,,,,,,,,,,,,,,,,,,
Hsa-Mir-362-P3b,hsa-mir-500b,MIR-362,AAUCCUU,MIMAT0016925,MIMAT0027032,chrX,50010681,50010742,+,Eutheria,Eutheria,,No,1.0,,1.0,,,,,,,,,,,,,,,,,,,,,,,,,,,,,,,,
Hsa-Mir-362-P4,hsa-mir-362,MIR-362,AUCCUUG,MIMAT0000705,MIMAT0004683,chrX,50008968,50009026,+,Eutheria,Eutheria,,No,1.0,,1.0,,,,,,,,,,,,,,,,,,,,,,,,,,,,,,,,
Hsa-Mir-362-P5,hsa-mir-501,MIR-362,AUGCACC,MIMAT0002872,MIMAT0004774,chrX,50009735,50009794,+,Eutheria,Eutheria,,No,1.0,,1.0,,,,,,,,,,,,,,,,,,,,,,,,,,,,,,,,
Hsa-Mir-362-P6,hsa-mir-502,MIR-362,AUGCACC,MIMAT0002873,MIMAT0004775,chrX,50014612,50014671,+,Eutheria,Eutheria,,No,1.0,,,,,,,,,,,,,,,,,,,,,,,,,,,,,,,,,,
Hsa-Mir-370,hsa-mir-370,MIR-370,CCUGCUG,MIMAT0026483,MIMAT0000722,chr14,100911151,100911207,+,Boreoeutheria,Boreoeutheria,,No,,,1.0,,,,,,,,,,,,,,,,,,,,,,,,,,,,,,,,
Hsa-Mir-374-P1,hsa-mir-374a,MIR-374,UAUAAUA,MIMAT0000727,MIMAT0004688,chrX,74287295,74287346,-,Eutheria,Eutheria,,No,,,,,,,,,,,,,,,,,,,,,,,,,,,,,,,,,,,
Hsa-Mir-374-P2,hsa-mir-374b,MIR-374,UAUAAUA,MIMAT0004955,MIMAT0004956,chrX,74218557,74218608,-,Eutheria,Eutheria,,No,,,,,,,,,,,,,,,,,,,,,,,,,,,,,,,,,,,
Hsa-Mir-375,hsa-mir-375,MIR-375,UUGUUCG,MIMAT0037313,MIMAT0000728,chr2,219001648,219001704,-,Nephrozoa,Nephrozoa,,No,,,1.0,,,,,,,,,,,,,,,,,,,,,,,,,,,,,,,,
Hsa-Mir-376-P1,,MIR-376,UCAUAGA,,,chr14,101039358,101039415,+,Eutheria,Eutheria,,Unknown,,,1.0,,,,,,,,,,,,,,,,,,,,,,,,,,,,,,,,
Hsa-Mir-376-P2,hsa-mir-376c,MIR-376,ACAUAGA,MIMAT0022861,MIMAT0000720,chr14,101039695,101039752,+,Eutheria,Eutheria,,No,,1.0,1.0,,,,,,,,,,,,,,,,,,,,,,,,,,,,,,,,
Hsa-Mir-376-P3,hsa-mir-376a-2,MIR-376,UCAUAGA,MIMAT0022928,MIMAT0000729,chr14,101040081,101040138,+,Eutheria,Eutheria,,No,,,1.0,,,,,,,,,,,,,,,,,,,,,,,,,,,,,,,,
Hsa-Mir-376-P4,hsa-mir-376b,MIR-376,UCAUAGA,MIMAT0022923,MIMAT0002172,chr14,101040460,101040517,+,Eutheria,Eutheria,,No,,,1.0,,,,,,,,,,,,,,,,,,,,,,,,,,,,,,,,
Hsa-Mir-376-P5,hsa-mir-376a-1,MIR-376,UCAUAGA,MIMAT0003386,MIMAT0000729,chr14,101040788,101040845,+,Eutheria,Eutheria,,No,,,1.0,,,,,,,,,,,,,,,,,,,,,,,,,,,,,,,,
Hsa-Mir-378,hsa-mir-378a,MIR-378,CUGGACU,MIMAT0000731,MIMAT0000732,chr5,149732829,149732888,+,Eutheria,Eutheria,,No,,,1.0,,,,,,,,,,,,,,,,,,,,,,,,,,,,,,,,
Hsa-Mir-383 V,hsa-mir-383,MIR-383,GAUCAGA,MIMAT0000738,MIMAT0026485,chr8,14853443,14853504,-,Tetrapoda,Tetrapoda,2.0,No,,,,,,,,,,,,,,,,,,,,,,,,,,,,,,,,,,,
Hsa-Mir-421-P1 V,hsa-mir-545,MIR-421,CUCAGUA,MIMAT0004785,MIMAT0003165,chrX,74287125,74287187,-,Eutheria,Eutheria,2.0,No,,,,,,,,,,,,,,,,,,,,,,,,,,,,,,,,,,,
Hsa-Mir-421-P2,hsa-mir-421,MIR-421,UCAACAG,,MIMAT0003339,chrX,74218392,74218448,-,Eutheria,Eutheria,,No,1.0,,,,,,,,,,,,,,,,,,,,,,,,,,,,,,,,,,
Hsa-Mir-423,hsa-mir-423,MIR-423,GAGGGGC,MIMAT0004748,MIMAT0001340,chr17,30117095,30117153,+,Eutheria,Eutheria,,No,,,,,,,,,,,,,,,,,,,,,,,,,,,,,,,,,,,
Hsa-Mir-425,hsa-mir-425,MIR-425,AUGACAC,MIMAT0003393,MIMAT0001343,chr3,49020159,49020221,-,Gnathostomata,Gnathostomata,,No,,,1.0,,,,,,,,,,,,,,,,,,,,,,,,,,,,,,,,
Hsa-Mir-430-P1,hsa-mir-302b,MIR-430,AAGUGCU,MIMAT0000714,MIMAT0000715,chr4,112648489,112648547,-,Gnathostomata,Vertebrata,,No,,1.0,1.0,,,,,,,,,,,,,,,,,,,,,,,,,,,,,,,,
Hsa-Mir-430-P2,hsa-mir-302c,MIR-430,AAGUGCU,MIMAT0000716,MIMAT0000717,chr4,112648366,112648425,-,Gnathostomata,Vertebrata,,No,,1.0,,,,,,,,,,,,,,,,,,,,,,,,,,,,,,,,,
Hsa-Mir-430-P3,hsa-mir-302a,MIR-430,AAGUGCU,MIMAT0000683,MIMAT0000684,chr4,112648186,112648246,-,Gnathostomata,Vertebrata,,No,,,,,,,,,,,,,,,,,,,,,,,,,,,,,,,,,,,
Hsa-Mir-430-P4,hsa-mir-302d,MIR-430,AAGUGCU,MIMAT0004685,MIMAT0000718,chr4,112648006,112648066,-,Gnathostomata,Vertebrata,,No,,1.0,1.0,,,,,,,,,,,,,,,,,,,,,,,,,,,,,,,,
Hsa-Mir-430-P5,hsa-mir-371a,MIR-430,CUCAAAC,MIMAT0004687,MIMAT0000723,chr19,53787680,53787738,+,Eutheria,Vertebrata,,No,,,1.0,,,,,,,,,,,,,,,,,,,,,,,,,,,,,,,,
Hsa-Mir-430-P6,hsa-mir-372,MIR-430,AAGUGCU,MIMAT0026484,MIMAT0000724,chr19,53787895,53787953,+,Eutheria,Vertebrata,,No,,,,,,,,,,,,,,,,,,,,,,,,,,,,,,,,,,,
Hsa-Mir-430-P7,hsa-mir-373,MIR-430,AAGUGCU,MIMAT0000725,MIMAT0000726,chr19,53788710,53788770,+,Eutheria,Vertebrata,,No,,,1.0,,,,,,,,,,,,,,,,,,,,,,,,,,,,,,,,
Hsa-Mir-430-P8a,hsa-mir-512-2,MIR-430,AGUGCUG,MIMAT0002822,MIMAT0002823,chr19,53669177,53669234,+,H. sapiens,Vertebrata,,No,,,1.0,,,,,,,,,,,,,,,,,,,,,,,,,,,,,,,,
Hsa-Mir-430-P8b,hsa-mir-512-1,MIR-430,AGUGCUG,MIMAT0002822,MIMAT0002823,chr19,53666693,53666750,+,H. sapiens,Vertebrata,,No,,,1.0,,,,,,,,,,,,,,,,,,,,,,,,,,,,,,,,
Hsa-Mir-430-P9,hsa-mir-1323,MIR-430,CAAAACU,MIMAT0005795,,chr19,53671978,53672033,+,Simiiformes,Vertebrata,,Unknown,,1.0,1.0,,,,,,,,,,,,,,,,,,,,,,,,,,,,,,,,
Hsa-Mir-430-P10,hsa-mir-498,MIR-430,UUCAAGC,MIMAT0002824,MIMAT0037323,chr19,53674230,53674289,+,Simiiformes,Vertebrata,,No,,,1.0,,,,,,,,,,,,,,,,,,,,,,,,,,,,,,,,
Hsa-Mir-430-P11,hsa-mir-520e,MIR-430,AAGUGCU,MIMAT0037324,MIMAT0002825,chr19,53675725,53675785,+,Simiiformes,Vertebrata,,No,,,1.0,,,,,,,,,,,,,,,,,,,,,,,,,,,,,,,,
Hsa-Mir-430-P12a,hsa-mir-515-2,MIR-430,UCUCCAA,MIMAT0002826,MIMAT0002827,chr19,53685022,53685080,+,Hominidae,Vertebrata,,No,,,1.0,,,,,,,,,,,,,,,,,,,,,,,,,,,,,,,,
Hsa-Mir-430-P12b,hsa-mir-515-1,MIR-430,UCUCCAA,MIMAT0002826,MIMAT0002827,chr19,53679016,53679074,+,Hominidae,Vertebrata,,No,,,1.0,,,,,,,,,,,,,,,,,,,,,,,,,,,,,,,,
Hsa-Mir-430-P13,hsa-mir-519e,MIR-430,UCUCCAA,MIMAT0002828,MIMAT0002829,chr19,53679953,53680011,+,Hominidae,Vertebrata,,No,,1.0,1.0,,,,,,,,,,,,,,,,,,,,,,,,,,,,,,,,
Hsa-Mir-430-P14,hsa-mir-520f,MIR-430,AAGUGCU,MIMAT0026609,MIMAT0002830,chr19,53682173,53682233,+,Catarrhini,Vertebrata,,No,,1.0,,,,,,,,,,,,,,,,,,,,,,,,,,,,,,,,,
Hsa-Mir-430-P15,hsa-mir-519c,MIR-430,AAGUGCA,MIMAT0002831,MIMAT0002832,chr19,53686484,53686543,+,Catarrhini,Vertebrata,,No,,,1.0,,,,,,,,,,,,,,,,,,,,,,,,,,,,,,,,
Hsa-Mir-430-P16a,hsa-mir-1283-1,MIR-430,UACAAAG,MIMAT0005799,,chr19,53688495,53688553,+,H. sapiens,Vertebrata,,Unknown,,,,,,,,,,,,,,,,,,,,,,,,,,,,,,,,,,,
Hsa-Mir-430-P16b,hsa-mir-1283-2,MIR-430,UACAAAG,MIMAT0005799,,chr19,53758246,53758304,+,H. sapiens,Vertebrata,,No,,,1.0,,,,,,,,,,,,,,,,,,,,,,,,,,,,,,,,
Hsa-Mir-430-P17,hsa-mir-520a,MIR-430,AAGUGCU,MIMAT0002833,MIMAT0002834,chr19,53690895,53690953,+,Catarrhini,Vertebrata,,No,,,1.0,,,,,,,,,,,,,,,,,,,,,,,,,,,,,,,,
Hsa-Mir-430-P18,hsa-mir-526b,MIR-430,UCUUGAG,MIMAT0002835,MIMAT0002836,chr19,53694406,53694464,+,Catarrhini,Vertebrata,,No,,,1.0,,,,,,,,,,,,,,,,,,,,,,,,,,,,,,,,
Hsa-Mir-430-P19,hsa-mir-519b,MIR-430,UCUAGAG,MIMAT0005454,MIMAT0002837,chr19,53695225,53695284,+,Hominidae,Vertebrata,,No,,,1.0,,,,,,,,,,,,,,,,,,,,,,,,,,,,,,,,
Hsa-Mir-430-P20,hsa-mir-525,MIR-430,UCCAGAG,MIMAT0002838,MIMAT0002839,chr19,53697547,53697605,+,Catarrhini,Vertebrata,,No,,,1.0,,,,,,,,,,,,,,,,,,,,,,,,,,,,,,,,
Hsa-Mir-430-P21,hsa-mir-523,MIR-430,AACGCGC,MIMAT0005449,MIMAT0002840,chr19,53698400,53698458,+,Catarrhini,Vertebrata,,No,,,1.0,,,,,,,,,,,,,,,,,,,,,,,,,,,,,,,,
Hsa-Mir-430-P22,hsa-mir-518f,MIR-430,AAAGCGC,MIMAT0002841,MIMAT0002842,chr19,53700030,53700088,+,Catarrhini,Vertebrata,,No,,,1.0,,,,,,,,,,,,,,,,,,,,,,,,,,,,,,,,
Hsa-Mir-430-P23,hsa-mir-520b,MIR-430,CUCUACA,MIMAT0037325,MIMAT0002843,chr19,53701228,53701288,+,Hominidae,Vertebrata,,No,1.0,,1.0,,,,,,,,,,,,,,,,,,,,,,,,,,,,,,,,
Hsa-Mir-430-P24,hsa-mir-518b,MIR-430,AAAGCGC,,MIMAT0002844,chr19,53702750,53702808,+,Catarrhini,Vertebrata,,No,,1.0,1.0,,,,,,,,,,,,,,,,,,,,,,,,,,,,,,,,
Hsa-Mir-430-P25,hsa-mir-526a-1,MIR-430,UCUAGAG,MIMAT0002845,MIMAT0037326,chr19,53706266,53706324,+,Catarrhini,Vertebrata,,No,,,1.0,,,,,,,,,,,,,,,,,,,,,,,,,,,,,,,,
Hsa-Mir-430-P26,hsa-mir-520c,MIR-430,AAGUGCU,MIMAT0005455,MIMAT0002846,chr19,53707468,53707527,+,H. sapiens,Vertebrata,,No,,,1.0,,,,,,,,,,,,,,,,,,,,,,,,,,,,,,,,
Hsa-Mir-430-P27,hsa-mir-518c,MIR-430,AAAGCGC,MIMAT0002847,MIMAT0002848,chr19,53708759,53708817,+,Catarrhini,Vertebrata,,No,,,1.0,,,,,,,,,,,,,,,,,,,,,,,,,,,,,,,,
Hsa-Mir-430-P28,hsa-mir-524,MIR-430,UACAAAG,MIMAT0002849,MIMAT0002850,chr19,53711017,53711075,+,Catarrhini,Vertebrata,,No,,,1.0,,,,,,,,,,,,,,,,,,,,,,,,,,,,,,,,
Hsa-Mir-430-P29a,hsa-mir-517a,MIR-430,UCGUGCA,MIMAT0002851,MIMAT0002852,chr19,53712282,53712342,+,Catarrhini,Vertebrata,,No,,,1.0,,,,,,,,,,,,,,,,,,,,,,,,,,,,,,,,
Hsa-Mir-430-P29b,hsa-mir-517b,MIR-430,UCGUGCA,MIMAT0002851,MIMAT0002857,chr19,53721081,53721139,+,Catarrhini,Vertebrata,,No,,,1.0,,,,,,,,,,,,,,,,,,,,,,,,,,,,,,,,
Hsa-Mir-430-P29c,hsa-mir-517c,MIR-430,UCGUGCA,MIMAT0002851,MIMAT0002866,chr19,53741332,53741390,+,Catarrhini,Vertebrata,,No,,,1.0,,,,,,,,,,,,,,,,,,,,,,,,,,,,,,,,
Hsa-Mir-430-P30,hsa-mir-519d,MIR-430,AAAGUGC,MIMAT0026610,MIMAT0002853,chr19,53713361,53713422,+,Catarrhini,Vertebrata,,No,,,1.0,,,,,,,,,,,,,,,,,,,,,,,,,,,,,,,,
Hsa-Mir-430-P31a,hsa-mir-521-2,MIR-430,ACGCACU,,MIMAT0002854,chr19,53716608,53716668,+,Hominidae,Vertebrata,,No,,,,,,,,,,,,,,,,,,,,,,,,,,,,,,,,,,,
Hsa-Mir-430-P31b,hsa-mir-521-1,MIR-430,ACGCACU,,MIMAT0002854,chr19,53748650,53748710,+,Hominidae,Vertebrata,,No,,,1.0,,,,,,,,,,,,,,,,,,,,,,,,,,,,,,,,
Hsa-Mir-430-P32,hsa-mir-520d,MIR-430,AAGUGCU,MIMAT0002855,MIMAT0002856,chr19,53720111,53720170,+,Catarrhini,Vertebrata,,No,,,1.0,,,,,,,,,,,,,,,,,,,,,,,,,,,,,,,,
Hsa-Mir-430-P33a,hsa-mir-520h,MIR-430,AAAGUGC,,MIMAT0002867,chr19,53722182,53722241,+,Hominidae,Vertebrata,,No,,1.0,,,,,,,,,,,,,,,,,,,,,,,,,,,,,,,,,
Hsa-Mir-430-P33b,hsa-mir-520g,MIR-430,AAAGUGC,MIMAT0026611,MIMAT0002858,chr19,53742528,53742587,+,Hominidae,Vertebrata,,No,,1.0,,,,,,,,,,,,,,,,,,,,,,,,,,,,,,,,,
Hsa-Mir-430-P34a,hsa-mir-516b-2,MIR-430,UCUGGAG,MIMAT0002859,MIMAT0002860,chr19,53725457,53725514,+,Hominidae,Vertebrata,,No,,,1.0,,,,,,,,,,,,,,,,,,,,,,,,,,,,,,,,
Hsa-Mir-430-P34b,hsa-mir-516b-1,MIR-430,UCUGGAG,MIMAT0002859,MIMAT0002860,chr19,53736860,53736922,+,Hominidae,Vertebrata,,No,,,1.0,,,,,,,,,,,,,,,,,,,,,,,,,,,,,,,,
Hsa-Mir-430-P35,hsa-mir-526a-2,MIR-430,UCUAGAG,MIMAT0002845,,chr19,53726928,53726982,+,H. sapiens,Vertebrata,,Unknown,,,1.0,,,,,,,,,,,,,,,,,,,,,,,,,,,,,,,,
Hsa-Mir-430-P36,hsa-mir-518e,MIR-430,UCUAGAG,MIMAT0005450,MIMAT0002861,chr19,53729853,53729911,+,Catarrhini,Vertebrata,,No,,,,,,,,,,,,,,,,,,,,,,,,,,,,,,,,,,,
Hsa-Mir-430-P37a,hsa-mir-518a-1,MIR-430,AAAGCGC,MIMAT0005457,MIMAT0002863,chr19,53731019,53731078,+,Hominidae,Vertebrata,,No,,,1.0,,,,,,,,,,,,,,,,,,,,,,,,,,,,,,,,
Hsa-Mir-430-P37b,hsa-mir-518a-2,MIR-430,AAAGCGC,MIMAT0005457,MIMAT0002863,chr19,53739348,53739407,+,Hominidae,Vertebrata,,No,,,1.0,,,,,,,,,,,,,,,,,,,,,,,,,,,,,,,,
Hsa-Mir-430-P37c,hsa-mir-527,MIR-430,UGCAAAG,MIMAT0002862,,chr19,53754031,53754089,+,Hominidae,Vertebrata,,No,,,1.0,,,,,,,,,,,,,,,,,,,,,,,,,,,,,,,,
Hsa-Mir-430-P38,hsa-mir-518d,MIR-430,UCUAGAG,MIMAT0005456,MIMAT0002864,chr19,53734892,53734950,+,Catarrhini,Vertebrata,,Unknown,,,,,,,,,,,,,,,,,,,,,,,,,,,,,,,,,,,
Hsa-Mir-430-P39,hsa-mir-522,MIR-430,AAAUGGU,MIMAT0005451,MIMAT0002868,chr19,53751226,53751285,+,Catarrhini,Vertebrata,,No,,,1.0,,,,,,,,,,,,,,,,,,,,,,,,,,,,,,,,
Hsa-Mir-430-P40a,hsa-mir-519a-1,MIR-430,CUCUAGA,MIMAT0005452,MIMAT0002869,chr19,53752410,53752470,+,Hominidae,Vertebrata,,No,,,1.0,,,,,,,,,,,,,,,,,,,,,,,,,,,,,,,,
Hsa-Mir-430-P40b,hsa-mir-519a-2,MIR-430,AAGUGCA,MIMAT0037327,MIMAT0002869,chr19,53762358,53762418,+,Hominidae,Vertebrata,,No,,,1.0,,,,,,,,,,,,,,,,,,,,,,,,,,,,,,,,
Hsa-Mir-430-P41a,hsa-mir-516a-1,MIR-430,UCUCGAG,MIMAT0004770,MIMAT0006778,chr19,53761148,53761210,+,Hominidae,Vertebrata,,No,,,1.0,,,,,,,,,,,,,,,,,,,,,,,,,,,,,,,,
Hsa-Mir-430-P41b,hsa-mir-516a-2,MIR-430,UCUCGAG,MIMAT0004770,MIMAT0006778,chr19,53756756,53756818,+,Hominidae,Vertebrata,,No,,,1.0,,,,,,,,,,,,,,,,,,,,,,,,,,,,,,,,
Hsa-Mir-431,hsa-mir-431,MIR-431,GUCUUGC,MIMAT0001625,MIMAT0004757,chr14,100881026,100881089,+,Eutheria,Eutheria,,Yes,,,1.0,,,,,,,,,,,,,,,,,,,,,,,,,,,,,,,,
Hsa-Mir-432,hsa-mir-432,MIR-432,CUUGGAG,MIMAT0002814,MIMAT0002815,chr14,100884496,100884564,+,Eutheria,Eutheria,,No,,,1.0,,,,,,,,,,,,,,,,,,,,,,,,,,,,,,,,
Hsa-Mir-433,hsa-mir-433,MIR-433,UCAUGAU,MIMAT0026554,MIMAT0001627,chr14,100881897,100881970,+,Eutheria,Eutheria,,No,1.0,,1.0,,,,,,,,,,,,,,,,,,,,,,,,,,,,,,,,
Hsa-Mir-448,hsa-mir-448,MIR-448,UGCAUAU,,MIMAT0001532,chrX,114823465,114823543,+,Eutheria,Eutheria,,Yes,1.0,,1.0,,,,,,,,,,,,,,,,,,,,,,,,,,,,,,,,
Hsa-Mir-450-P1,hsa-mir-450a-2,MIR-450,UUUGCGA,MIMAT0001545,MIMAT0031074,chrX,134540529,134540585,-,Eutheria,Eutheria,,No,,,,,,,,,,,,,,,,,,,,,,,,,,,,,,,,,,,
Hsa-Mir-450-P2,hsa-mir-450a-1,MIR-450,UUUGCGA,MIMAT0001545,MIMAT0022700,chrX,134540358,134540414,-,Eutheria,Eutheria,,No,,,,,,,,,,,,,,,,,,,,,,,,,,,,,,,,,,,
Hsa-Mir-450-P3,hsa-mir-450b,MIR-450,UUUGCAA,MIMAT0004909,MIMAT0004910,chrX,134540195,134540252,-,Eutheria,Eutheria,,No,,,,,,,,,,,,,,,,,,,,,,,,,,,,,,,,,,,
Hsa-Mir-451,hsa-mir-451a,MIR-451,AACCGUU,MIMAT0001631,,chr17,28861383,28861424,-,Vertebrata,Vertebrata,,,1.0,,,,,,,,,,,,,,,,,,,,,,,,,,,,,,,,,,
Hsa-Mir-452 V,hsa-mir-452,MIR-452,ACUGUUU,MIMAT0001635,MIMAT0001636,chrX,151959639,151959699,-,Eutheria,Eutheria,2.0,No,1.0,,1.0,,,,,,,,,,,,,,,,,,,,,,,,,,,,,,,,
Hsa-Mir-455 V,hsa-mir-455,MIR-455,AUGUGCC,MIMAT0003150,MIMAT0004784,chr9,114209449,114209506,+,Vertebrata,Vertebrata,3.0,No,,,,,,,,,,,,,,,,,,,,,,,,,,,,,,,,,,,
Hsa-Mir-459,hsa-mir-802,MIR-459,CAGUAAC,MIMAT0004185,,chr21,35720731,35720791,+,Vertebrata,Vertebrata,,No,,,,,,,,,,,,,,,,,,,,,,,,,,,,,,,,,,,
Hsa-Mir-483,hsa-mir-483,MIR-483,AGACGGG,MIMAT0004761,MIMAT0002173,chr11,2134140,2134202,-,Theria,Theria,,No,1.0,,1.0,,,,,,,,,,,,,,,,,,,,,,,,,,,,,,,,
Hsa-Mir-484,hsa-mir-484,MIR-484,CAGGCUC,MIMAT0002174,,chr16,15643266,15643322,+,Eutheria,Eutheria,,No,,,,,,,,,,,,,,,,,,,,,,,,,,,,,,,,,,,
Hsa-Mir-486,hsa-mir-486-1,MIR-486,CCUGUAC,MIMAT0002177,MIMAT0004762,chr8,41660442,41660505,-,Eutheria,Eutheria,,No,,,1.0,,,,,,,,,,,,,,,,,,,,,,,,,,,,,,,,
Hsa-Mir-488,hsa-mir-488,MIR-488,UGAAAGG,MIMAT0002804,MIMAT0004763,chr1,177029374,177029432,-,Eutheria,Eutheria,,Yes,,,1.0,,,,,,,,,,,,,,,,,,,,,,,,,,,,,,,,
Hsa-Mir-489 V,hsa-mir-489,MIR-489,UGACAUC,MIMAT0026605,MIMAT0002805,chr7,93483947,93484006,-,Osteichthyes,Osteichthyes,2.0,No,,,1.0,,,,,,,,,,,,,,,,,,,,,,,,,,,,,,,,
Hsa-Mir-490,hsa-mir-490,MIR-490,CAUGGAU,MIMAT0004764,MIMAT0002806,chr7,136903205,136903264,+,Amniota,Amniota,,No,,,1.0,,,,,,,,,,,,,,,,,,,,,,,,,,,,,,,,
Hsa-Mir-491,hsa-mir-491,MIR-491,GUGGGGA,MIMAT0002807,MIMAT0004765,chr9,20716120,20716175,+,Eutheria,Eutheria,,No,1.0,,,,,,,,,,,,,,,,,,,,,,,,,,,,,,,,,,
Hsa-Mir-493,hsa-mir-493,MIR-493,UGUACAU,MIMAT0002813,MIMAT0003161,chr14,100869075,100869136,+,Eutheria,Eutheria,,Yes,1.0,,,,,,,,,,,,,,,,,,,,,,,,,,,,,,,,,,
Hsa-Mir-499,hsa-mir-499a,MIR-499,UAAGACU,MIMAT0002870,MIMAT0004772,chr20,34990408,34990466,+,Vertebrata,Vertebrata,,No,1.0,,1.0,,,,,,,,,,,,,,,,,,,,,,,,,,,,,,,,
Hsa-Mir-504 V,hsa-mir-504,MIR-504,GACCCUG,MIMAT0002875,MIMAT0026612,chrX,138667723,138667781,-,Eutheria,Eutheria,2.0,No,,1.0,1.0,,,,,,,,,,,,,,,,,,,,,,,,,,,,,,,,
Hsa-Mir-505 V,hsa-mir-505,MIR-505,GGAGCCA,MIMAT0004776,MIMAT0002876,chrX,139924159,139924217,-,Eutheria,Eutheria,2.0,No,,,,,,,,,,,,,,,,,,,,,,,,,,,,,,,,,,,
Hsa-Mir-506-P1a1,hsa-mir-514a-3,MIR-506,UUGACAC,MIMAT0022702,MIMAT0002883,chrX,147281957,147282014,-,H. sapiens,Eutheria,,No,1.0,1.0,1.0,,,,,,,,,,,,,,,,,,,,,,,,,,,,,,,,
Hsa-Mir-506-P1a2,hsa-mir-514a-2,MIR-506,UUGACAC,MIMAT0022702,MIMAT0002883,chrX,147284655,147284712,-,H. sapiens,Eutheria,,No,1.0,1.0,1.0,,,,,,,,,,,,,,,,,,,,,,,,,,,,,,,,
Hsa-Mir-506-P1a3,hsa-mir-514a-1,MIR-506,UUGACAC,MIMAT0022702,MIMAT0002883,chrX,147279266,147279323,-,H. sapiens,Eutheria,,No,1.0,1.0,1.0,,,,,,,,,,,,,,,,,,,,,,,,,,,,,,,,
Hsa-Mir-506-P1b,hsa-mir-510,MIR-506,ACUCAGG,MIMAT0002882,MIMAT0026613,chrX,147272342,147272399,-,Simiiformes,Eutheria,,No,1.0,1.0,1.0,,,,,,,,,,,,,,,,,,,,,,,,,,,,,,,,
Hsa-Mir-506-P1c1,hsa-mir-509-1,MIR-506,GAUUGGU,MIMAT0004779,MIMAT0002881,chrX,147260549,147260606,-,H. sapiens,Eutheria,,No,1.0,,1.0,,,,,,,,,,,,,,,,,,,,,,,,,,,,,,,,
Hsa-Mir-506-P1c2,hsa-mir-509-3,MIR-506,GAUUGGU,MIMAT0004975,MIMAT0002881,chrX,147259661,147259717,-,H. sapiens,Eutheria,,No,1.0,,1.0,,,,,,,,,,,,,,,,,,,,,,,,,,,,,,,,
Hsa-Mir-506-P1c3,hsa-mir-509-2,MIR-506,GAUUGGU,MIMAT0004779,MIMAT0002881,chrX,147258774,147258831,-,H. sapiens,Eutheria,,No,1.0,,1.0,,,,,,,,,,,,,,,,,,,,,,,,,,,,,,,,
Hsa-Mir-506-P1d,,MIR-506,GAUUGAA,,,chrX,147255308,147255368,-,Simiiformes,Eutheria,,No,1.0,,1.0,,,,,,,,,,,,,,,,,,,,,,,,,,,,,,,,
Hsa-Mir-506-P1e,hsa-mir-514b,MIR-506,UCUCAAG,MIMAT0015087,MIMAT0015088,chrX,147250161,147250218,-,Simiiformes,Eutheria,,No,,1.0,1.0,,,,,,,,,,,,,,,,,,,,,,,,,,,,,,,,
Hsa-Mir-506-P2b,hsa-mir-507,MIR-506,UUUGCAC,,MIMAT0002879,chrX,147231002,147231059,-,Eutheria,Eutheria,,No,1.0,1.0,,,,,,,,,,,,,,,,,,,,,,,,,,,,,,,,,
Hsa-Mir-506-P3,hsa-mir-508,MIR-506,GAUUGUA,MIMAT0004778,MIMAT0002880,chrX,147236945,147237002,-,Eutheria,Eutheria,,No,1.0,,,,,,,,,,,,,,,,,,,,,,,,,,,,,,,,,,
Hsa-Mir-506-P4,hsa-mir-506,MIR-506,UAAGGCA,MIMAT0022701,MIMAT0002878,chrX,147230753,147230809,-,Eutheria,Eutheria,,No,,,1.0,,,,,,,,,,,,,,,,,,,,,,,,,,,,,,,,
Hsa-Mir-506-P5a1,hsa-mir-513a-2,MIR-506,UCACAGG,MIMAT0002877,MIMAT0004777,chrX,147225860,147225917,-,H. sapiens,Eutheria,,No,,,1.0,,,,,,,,,,,,,,,,,,,,,,,,,,,,,,,,
Hsa-Mir-506-P5a2,hsa-mir-513a-1,MIR-506,UCACAGG,MIMAT0002877,MIMAT0004777,chrX,147213498,147213555,-,H. sapiens,Eutheria,,No,,,1.0,,,,,,,,,,,,,,,,,,,,,,,,,,,,,,,,
Hsa-Mir-506-P5b,hsa-mir-513b,MIR-506,UCACAAG,MIMAT0005788,MIMAT0026749,chrX,147199057,147199114,-,H. sapiens,Eutheria,,No,,1.0,1.0,,,,,,,,,,,,,,,,,,,,,,,,,,,,,,,,
Hsa-Mir-506-P5c,hsa-mir-513c,MIR-506,UCUCAAG,MIMAT0005789,MIMAT0022728,chrX,147189717,147189774,-,H. sapiens,Eutheria,,No,,,1.0,,,,,,,,,,,,,,,,,,,,,,,,,,,,,,,,
Hsa-Mir-506-P6a,hsa-mir-892b,MIR-506,ACUGGCU,,MIMAT0004918,chrX,145997208,145997264,-,Simiiformes,Eutheria,,No,1.0,,,,,,,,,,,,,,,,,,,,,,,,,,,,,,,,,,
Hsa-Mir-506-P6b,hsa-mir-892a,MIR-506,ACUGUGU,,MIMAT0004907,chrX,145996678,145996734,-,Simiiformes,Eutheria,,No,1.0,,,,,,,,,,,,,,,,,,,,,,,,,,,,,,,,,,
Hsa-Mir-506-P6c,hsa-mir-888,MIR-506,ACUCAAA,MIMAT0004916,MIMAT0004917,chrX,145994794,145994850,-,Simiiformes,Eutheria,,No,1.0,,,,,,,,,,,,,,,,,,,,,,,,,,,,,,,,,,
Hsa-Mir-506-P6d,hsa-mir-890,MIR-506,ACUUGGA,MIMAT0004912,,chrX,145994285,145994341,-,Simiiformes,Eutheria,,No,1.0,,,,,,,,,,,,,,,,,,,,,,,,,,,,,,,,,,
Hsa-Mir-506-P6e,hsa-mir-892c,MIR-506,ACUGUUU,MIMAT0025857,MIMAT0025858,chrX,145992760,145992816,-,Simiiformes,Eutheria,,No,1.0,,,,,,,,,,,,,,,,,,,,,,,,,,,,,,,,,,
Hsa-Mir-511,hsa-mir-511,MIR-511,GUGUCUU,MIMAT0002808,MIMAT0026606,chr10,17845121,17845181,+,Euarchontoglires,Euarchontoglires,,No,,,1.0,,,,,,,,,,,,,,,,,,,,,,,,,,,,,,,,
Hsa-Mir-541,hsa-mir-541,MIR-541,AAGGAUU,MIMAT0004919,MIMAT0004920,chr14,101064504,101064569,+,Eutheria,Eutheria,,No,1.0,,1.0,,,,,,,,,,,,,,,,,,,,,,,,,,,,,,,,
Hsa-Mir-542 V,hsa-mir-542,MIR-542,GUGACAG,MIMAT0003340,MIMAT0003389,chrX,134541364,134541422,-,Eutheria,Eutheria,2.0,No,,,1.0,,,,,,,,,,,,,,,,,,,,,,,,,,,,,,,,
Hsa-Mir-544,hsa-mir-544a,MIR-544,UUCUGCA,,MIMAT0003164,chr14,101048676,101048732,+,Eutheria,Eutheria,,Yes,,,1.0,,,,,,,,,,,,,,,,,,,,,,,,,,,,,,,,
Hsa-Mir-550-P1,hsa-mir-550a-1,MIR-550,GUCUUAC,MIMAT0004800,MIMAT0003257,chr7,30289815,30289876,+,Catarrhini,Simiiformes,,No,,1.0,,,,,,,,,,,,,,,,,,,,,,,,,,,,,,,,,
Hsa-Mir-550-P2a,hsa-mir-550a-3,MIR-550,GUCUUAC,MIMAT0020925,MIMAT0003257,chr7,29680747,29680808,-,H. sapiens,Simiiformes,,No,,1.0,,,,,,,,,,,,,,,,,,,,,,,,,,,,,,,,,
Hsa-Mir-550-P2b,hsa-mir-550a-2,MIR-550,GUCUUAC,MIMAT0004800,MIMAT0003257,chr7,32733002,32733063,+,H. sapiens,Simiiformes,,No,,1.0,,,,,,,,,,,,,,,,,,,,,,,,,,,,,,,,,
Hsa-Mir-551-P1,hsa-mir-551a,MIR-551,CGACCCA,,MIMAT0003214,chr1,3560710,3560769,-,Vertebrata,Vertebrata,,No,,,1.0,,,,,,,,,,,,,,,,,,,,,,,,,,,,,,,,
Hsa-Mir-551-P2,hsa-mir-551b,MIR-551,CGACCCA,MIMAT0004794,MIMAT0003233,chr3,168551875,168551934,+,Vertebrata,Vertebrata,,Yes,,,1.0,,,,,,,,,,,,,,,,,,,,,,,,,,,,,,,,
Hsa-Mir-552,hsa-mir-552,MIR-552,GUUUAAC,MIMAT0026615,MIMAT0003215,chr1,34669613,34669671,-,Simiiformes,Simiiformes,,No,,,,,,,,,,,,,,,,,,,,,,,,,,,,,,,,,,,
Hsa-Mir-556,hsa-mir-556,MIR-556,AUGAGCU,MIMAT0003220,MIMAT0004793,chr1,162342561,162342620,+,Simiiformes,Simiiformes,,No,,,1.0,,,,,,,,,,,,,,,,,,,,,,,,,,,,,,,,
Hsa-Mir-561,hsa-mir-561,MIR-561,UCAAGGA,MIMAT0022706,MIMAT0003225,chr2,188297517,188297573,+,Simiiformes,Simiiformes,,No,,,,,,,,,,,,,,,,,,,,,,,,,,,,,,,,,,,
Hsa-Mir-574,hsa-mir-574,MIR-574,ACGCUCA,MIMAT0004795,MIMAT0003239,chr4,38868056,38868113,+,Eutheria,Eutheria,,No,1.0,,1.0,,,,,,,,,,,,,,,,,,,,,,,,,,,,,,,,
Hsa-Mir-576,hsa-mir-576,MIR-576,UUCUAAU,MIMAT0003241,MIMAT0004796,chr4,109488713,109488774,+,Simiiformes,Simiiformes,,No,,,,,,,,,,,,,,,,,,,,,,,,,,,,,,,,,,,
Hsa-Mir-577,hsa-mir-577,MIR-577,UAGAUAA,MIMAT0003242,,chr4,114656773,114656831,+,Simiiformes,Simiiformes,,No,1.0,,1.0,,,,,,,,,,,,,,,,,,,,,,,,,,,,,,,,
Hsa-Mir-579,hsa-mir-579,MIR-579,UCAUUUG,MIMAT0026616,MIMAT0003244,chr5,32394392,32394451,-,Simiiformes,Simiiformes,,No,,,1.0,,,,,,,,,,,,,,,,,,,,,,,,,,,,,,,,
Hsa-Mir-580,hsa-mir-580,MIR-580,UGAGAAU,MIMAT0026617,MIMAT0003245,chr5,36147907,36147967,-,Simiiformes,Simiiformes,,No,,,,,,,,,,,,,,,,,,,,,,,,,,,,,,,,,,,
Hsa-Mir-582 V,hsa-mir-582,MIR-582,UACAGUU,MIMAT0003247,MIMAT0004797,chr5,59703629,59703688,-,Eutheria,Eutheria,2.0,No,,,,,,,,,,,,,,,,,,,,,,,,,,,,,,,,,,,
Hsa-Mir-584,hsa-mir-584,MIR-584,UAUGGUU,MIMAT0003249,MIMAT0022708,chr5,149062333,149062394,-,Simiiformes,Simiiformes,,No,,,1.0,,,,,,,,,,,,,,,,,,,,,,,,,,,,,,,,
Hsa-Mir-585,hsa-mir-585,MIR-585,GGGCGUA,MIMAT0026618,MIMAT0003250,chr5,169263613,169263670,-,H. sapiens,H. sapiens,,No,,,1.0,,,,,,,,,,,,,,,,,,,,,,,,,,,,,,,,
Hsa-Mir-589,hsa-mir-589,MIR-589,GAGAACC,MIMAT0004799,MIMAT0003256,chr7,5495834,5495894,-,Primates,Primates,,No,1.0,,,,,,,,,,,,,,,,,,,,,,,,,,,,,,,,,,
Hsa-Mir-590,hsa-mir-590,MIR-590,AAUUUUA,MIMAT0003258,MIMAT0004801,chr7,74191213,74191273,+,Mammalia,Mammalia,,No,,,1.0,,,,,,,,,,,,,,,,,,,,,,,,,,,,,,,,
Hsa-Mir-592,hsa-mir-592,MIR-592,UGUGUCA,MIMAT0003260,,chr7,127058109,127058169,-,Eutheria,Eutheria,,No,,,1.0,,,,,,,,,,,,,,,,,,,,,,,,,,,,,,,,
Hsa-Mir-598,hsa-mir-598,MIR-598,ACGUCAU,MIMAT0026620,MIMAT0003266,chr8,11035221,11035279,-,Eutheria,Eutheria,,No,1.0,,1.0,,,,,,,,,,,,,,,,,,,,,,,,,,,,,,,,
Hsa-Mir-599,hsa-mir-599,MIR-599,UUGAUAA,,MIMAT0003267,chr8,99536649,99536707,-,Sarcopterygii,Sarcopterygii,,No,,,,,,,,,,,,,,,,,,,,,,,,,,,,,,,,,,,
Hsa-Mir-605 V,hsa-mir-605,MIR-605,GAAGGCA,MIMAT0003273,MIMAT0026621,chr10,51299588,51299644,+,Simiiformes,Simiiformes,2.0,No,,,,,,,,,,,,,,,,,,,,,,,,,,,,,,,,,,,
Hsa-Mir-615,hsa-mir-615,MIR-615,CCGAGCC,MIMAT0004804,MIMAT0003283,chr12,54033967,54034030,+,Eutheria,Eutheria,,No,,,1.0,,,,,,,,,,,,,,,,,,,,,,,,,,,,,,,,
Hsa-Mir-616,hsa-mir-616,MIR-616,CUCAAAA,MIMAT0003284,MIMAT0004805,chr12,57519183,57519244,-,Simiiformes,Simiiformes,,No,,,,,,,,,,,,,,,,,,,,,,,,,,,,,,,,,,,
Hsa-Mir-624,hsa-mir-624,MIR-624,AGUACCA,MIMAT0003293,MIMAT0004807,chr14,31014670,31014727,-,Catarrhini,Catarrhini,,No,,1.0,,,,,,,,,,,,,,,,,,,,,,,,,,,,,,,,,
Hsa-Mir-628,hsa-mir-628,MIR-628,UGCUGAC,MIMAT0004809,MIMAT0003297,chr15,55372952,55373012,-,Eutheria,Eutheria,,No,1.0,,1.0,,,,,,,,,,,,,,,,,,,,,,,,,,,,,,,,
Hsa-Mir-629,hsa-mir-629,MIR-629,GGGUUUA,MIMAT0004810,MIMAT0003298,chr15,70079387,70079447,-,Simiiformes,Simiiformes,,No,,,1.0,,,,,,,,,,,,,,,,,,,,,,,,,,,,,,,,
Hsa-Mir-642,hsa-mir-642a,MIR-642,UCCCUCU,MIMAT0003312,MIMAT0020924,chr19,45674943,45674999,+,Simiiformes,Simiiformes,,No,,,,,,,,,,,,,,,,,,,,,,,,,,,,,,,,,,,
Hsa-Mir-651,hsa-mir-651,MIR-651,UUAGGAU,MIMAT0003321,MIMAT0026624,chrX,8126980,8127039,+,Primates,Primates,,No,,,,,,,,,,,,,,,,,,,,,,,,,,,,,,,,,,,
Hsa-Mir-652,hsa-mir-652,MIR-652,AUGGCGC,MIMAT0022709,MIMAT0003322,chrX,110055348,110055409,+,Eutheria,Eutheria,,Yes,1.0,,1.0,,,,,,,,,,,,,,,,,,,,,,,,,,,,,,,,
Hsa-Mir-653,hsa-mir-653,MIR-653,UCACUGG,MIMAT0003328,MIMAT0026625,chr7,93482784,93482840,-,Eutheria,Eutheria,,No,,,,,,,,,,,,,,,,,,,,,,,,,,,,,,,,,,,
Hsa-Mir-670,hsa-mir-670,MIR-670,UUCCUCA,MIMAT0010357,MIMAT0026640,chr11,43559675,43559738,+,Eutheria,Eutheria,,No,,,1.0,,,,,,,,,,,,,,,,,,,,,,,,,,,,,,,,
Hsa-Mir-671,hsa-mir-671,MIR-671,GGAAGCC,MIMAT0003880,MIMAT0004819,chr7,151238449,151238508,+,Theria,Theria,,No,,,,,,,,,,,,,,,,,,,,,,,,,,,,,,,,,,,
Hsa-Mir-675,hsa-mir-675,MIR-675,UGUAUGC,MIMAT0004284,MIMAT0006790,chr11,1996766,1996822,-,Theria,Theria,,No,1.0,,,,,,,,,,,,,,,,,,,,,,,,,,,,,,,,,,
Hsa-Mir-676,hsa-mir-676,MIR-676,UGUCCUA,MIMAT0018203,MIMAT0018204,chrX,70022863,70022919,+,Eutheria,Eutheria,,Yes,,,,,,,,,,,,,,,,,,,,,,,,,,,,,,,,,,,
Hsa-Mir-708,hsa-mir-708,MIR-708,AGGAGCU,MIMAT0004926,MIMAT0004927,chr11,79402031,79402099,-,Eutheria,Eutheria,,No,1.0,,,,,,,,,,,,,,,,,,,,,,,,,,,,,,,,,,
Hsa-Mir-744,hsa-mir-744,MIR-744,GCGGGGC,MIMAT0004945,MIMAT0004946,chr17,12081909,12081986,+,Eutheria,Eutheria,,Yes,1.0,,1.0,,,,,,,,,,,,,,,,,,,,,,,,,,,,,,,,
Hsa-Mir-760,hsa-mir-760,MIR-760,GGCUCUG,,MIMAT0004957,chr1,93846843,93846900,+,Eutheria,Eutheria,,Yes,,,1.0,,,,,,,,,,,,,,,,,,,,,,,,,,,,,,,,
Hsa-Mir-766,hsa-mir-766,MIR-766,CUCCAGC,MIMAT0022714,MIMAT0003888,chrX,119646763,119646820,-,Hominidae,Hominidae,,No,1.0,,,,,,,,,,,,,,,,,,,,,,,,,,,,,,,,,,
Hsa-Mir-769,hsa-mir-769,MIR-769,GAGACCU,MIMAT0003886,MIMAT0003887,chr19,46018961,46019021,+,Eutheria,Eutheria,,Yes,,1.0,,,,,,,,,,,,,,,,,,,,,,,,,,,,,,,,,
Hsa-Mir-770,hsa-mir-770,MIR-770,CCAGUAC,MIMAT0003948,,chr14,100852409,100852470,+,Boreoeutheria,Boreoeutheria,,No,,,1.0,,,,,,,,,,,,,,,,,,,,,,,,,,,,,,,,
Hsa-Mir-873 V,hsa-mir-873,MIR-873,GCAGGAA,MIMAT0004953,MIMAT0022717,chr9,28888888,28888946,-,Mammalia,Mammalia,2.0,No,,,1.0,,,,,,,,,,,,,,,,,,,,,,,,,,,,,,,,
Hsa-Mir-874,hsa-mir-874,MIR-874,UGCCCUG,MIMAT0026718,MIMAT0004911,chr5,137647581,137647640,-,Eutheria,Eutheria,,No,1.0,,1.0,,,,,,,,,,,,,,,,,,,,,,,,,,,,,,,,
Hsa-Mir-875,hsa-mir-875,MIR-875,AUACCUC,MIMAT0004922,MIMAT0004923,chr8,99536796,99536851,-,Vertebrata,Vertebrata,,No,,,1.0,,,,,,,,,,,,,,,,,,,,,,,,,,,,,,,,
Hsa-Mir-876 V,hsa-mir-876,MIR-876,GGUGGUU,MIMAT0004924,MIMAT0004925,chr9,28863636,28863694,-,Eutheria,Eutheria,2.0,No,1.0,,1.0,,,,,,,,,,,,,,,,,,,,,,,,,,,,,,,,
Hsa-Mir-877,hsa-mir-877,MIR-877,UAGAGGA,MIMAT0004949,MIMAT0004950,chr6,30584332,30584417,+,Eutheria,Eutheria,,Yes,,,,,,,,,,,,,,,,,,,,,,,,,,,,,,,,,,,
Hsa-Mir-885,hsa-mir-885,MIR-885,CCAUUAC,MIMAT0004947,MIMAT0004948,chr3,10394499,10394552,-,Eutheria,Eutheria,,No,,,,,,,,,,,,,,,,,,,,,,,,,,,,,,,,,,,
Hsa-Mir-887,hsa-mir-887,MIR-887,UGAACGG,MIMAT0026720,MIMAT0004951,chr5,15935189,15935253,+,Simiiformes,Simiiformes,,No,,,,,,,,,,,,,,,,,,,,,,,,,,,,,,,,,,,
Hsa-Mir-934,hsa-mir-934,MIR-934,GUCUACU,MIMAT0004977,,chrX,136550892,136550948,+,Catarrhini,Catarrhini,,No,,,,,,,,,,,,,,,,,,,,,,,,,,,,,,,,,,,
Hsa-Mir-935 V,hsa-mir-935,MIR-935,AGUUACC,,MIMAT0004978,chr19,53982325,53982384,+,Eutheria,Eutheria,2.0,No,,,1.0,,,,,,,,,,,,,,,,,,,,,,,,,,,,,,,,
Hsa-Mir-944,hsa-mir-944,MIR-944,AAUUAUU,,MIMAT0004987,chr3,189829937,189829996,+,Simiiformes,Simiiformes,,No,,,,,,,,,,,,,,,,,,,,,,,,,,,,,,,,,,,
Hsa-Mir-1180,hsa-mir-1180,MIR-1180,UUCCGGC,MIMAT0026735,MIMAT0005825,chr17,19344513,19344568,-,Boreoeutheria,Boreoeutheria,,No,,1.0,1.0,,,,,,,,,,,,,,,,,,,,,,,,,,,,,,,,
Hsa-Mir-1247,hsa-mir-1247,MIR-1247,CCCGUCC,MIMAT0005899,MIMAT0022721,chr14,101560326,101560383,-,Eutheria,Eutheria,,No,,,1.0,,,,,,,,,,,,,,,,,,,,,,,,,,,,,,,,
Hsa-Mir-1249,hsa-mir-1249,MIR-1249,CGCCCUU,MIMAT0032029,MIMAT0005901,chr22,45200958,45201016,-,Eutheria,Eutheria,,No,,,1.0,,,,,,,,,,,,,,,,,,,,,,,,,,,,,,,,
Hsa-Mir-1251,hsa-mir-1251,MIR-1251,CUCUAGC,MIMAT0005903,MIMAT0026741,chr12,97491913,97491971,+,Theria,Theria,,Yes,,,,,,,,,,,,,,,,,,,,,,,,,,,,,,,,,,,
Hsa-Mir-1252,hsa-mir-1252,MIR-1252,GAAGGAA,MIMAT0005944,MIMAT0026744,chr12,79419261,79419319,+,Catarrhini,Catarrhini,,No,1.0,,1.0,,,,,,,,,,,,,,,,,,,,,,,,,,,,,,,,
Hsa-Mir-1264,hsa-mir-1264,MIR-1264,GGUCCUC,,MIMAT0005791,chrX,114652655,114652717,+,Eutheria,Eutheria,,No,,,,,,,,,,,,,,,,,,,,,,,,,,,,,,,,,,,
Hsa-Mir-1266,hsa-mir-1266,MIR-1266,CUCAGGG,MIMAT0005920,MIMAT0026742,chr15,52277131,52277188,-,Simiiformes,Simiiformes,,No,,,,,,,,,,,,,,,,,,,,,,,,,,,,,,,,,,,
Hsa-Mir-1269,hsa-mir-1269a,MIR-1269,UGGACUG,,MIMAT0005923,chr4,66276848,66276911,+,Catarrhini,Catarrhini,,No,,,,,,,,,,,,,,,,,,,,,,,,,,,,,,,,,,,
Hsa-Mir-1270,hsa-mir-1270,MIR-1270,UGGAGAU,MIMAT0005924,,chr19,20399284,20399342,-,Simiiformes,Simiiformes,,No,,,,,,,,,,,,,,,,,,,,,,,,,,,,,,,,,,,
Hsa-Mir-1271,hsa-mir-1271,MIR-1271,UUGGCAC,MIMAT0005796,MIMAT0022712,chr5,176367960,176368017,+,Eutheria,Eutheria,,No,,,,,,,,,,,,,,,,,,,,,,,,,,,,,,,,,,,
Hsa-Mir-1276,hsa-mir-1276,MIR-1276,AAAGAGC,MIMAT0005930,,chr15,85770508,85770567,-,H. sapiens,H. sapiens,,No,,,,,,,,,,,,,,,,,,,,,,,,,,,,,,,,,,,
Hsa-Mir-1277,hsa-mir-1277,MIR-1277,AUAUAUA,MIMAT0022724,MIMAT0005933,chrX,118386404,118386461,+,Eutheria,Eutheria,,No,,1.0,,,,,,,,,,,,,,,,,,,,,,,,,,,,,,,,,
Hsa-Mir-1278,hsa-mir-1278,MIR-1278,AGUACUG,,MIMAT0005936,chr1,193136513,193136573,+,Catarrhini,Catarrhini,,No,,,,,,,,,,,,,,,,,,,,,,,,,,,,,,,,,,,
Hsa-Mir-1286,hsa-mir-1286,MIR-1286,GCAGGAC,,MIMAT0005877,chr22,20249145,20249200,-,Simiiformes,Simiiformes,,No,,,1.0,,,,,,,,,,,,,,,,,,,,,,,,,,,,,,,,
Hsa-Mir-1287,hsa-mir-1287,MIR-1287,GCUGGAU,MIMAT0005878,MIMAT0026738,chr10,98395232,98395292,-,H. sapiens,H. sapiens,,No,,,1.0,,,,,,,,,,,,,,,,,,,,,,,,,,,,,,,,
Hsa-Mir-1294,hsa-mir-1294,MIR-1294,GUGAGGU,MIMAT0005884,,chr5,154347153,154347211,+,Simiiformes,Simiiformes,,No,,,,,,,,,,,,,,,,,,,,,,,,,,,,,,,,,,,
Hsa-Mir-1295,hsa-mir-1295a,MIR-1295,UAGGCCG,,MIMAT0005885,chr1,171101737,171101797,-,Simiiformes,Simiiformes,,No,,,,,,,,,,,,,,,,,,,,,,,,,,,,,,,,,,,
Hsa-Mir-1296,hsa-mir-1296,MIR-1296,UAGGGCC,MIMAT0005794,MIMAT0026637,chr10,63372969,63373033,-,Eutheria,Eutheria,,No,,,1.0,,,,,,,,,,,,,,,,,,,,,,,,,,,,,,,,
Hsa-Mir-1298,hsa-mir-1298,MIR-1298,UCAUUCG,MIMAT0005800,MIMAT0026641,chrX,114715250,114715325,+,Eutheria,Eutheria,,No,,,1.0,,,,,,,,,,,,,,,,,,,,,,,,,,,,,,,,
Hsa-Mir-1301,hsa-mir-1301,MIR-1301,UGCAGCU,MIMAT0026639,MIMAT0005797,chr2,25328651,25328710,-,Eutheria,Eutheria,,No,1.0,,1.0,,,,,,,,,,,,,,,,,,,,,,,,,,,,,,,,
Hsa-Mir-1306,hsa-mir-1306,MIR-1306,CACCUCC,MIMAT0022726,MIMAT0005950,chr22,20086072,20086132,+,Gnathostomata,Gnathostomata,,Yes,,1.0,1.0,,,,,,,,,,,,,,,,,,,,,,,,,,,,,,,,
Hsa-Mir-1307,hsa-mir-1307,MIR-1307,CGACCGG,MIMAT0022727,MIMAT0005951,chr10,103394300,103394361,-,Eutheria,Eutheria,,No,,,,,,,,,,,,,,,,,,,,,,,,,,,,,,,,,,,
Hsa-Mir-1343,hsa-mir-1343,MIR-1343,UCCUGGG,MIMAT0027038,MIMAT0019776,chr11,34941851,34941909,+,Eutheria,Eutheria,,No,,,1.0,,,,,,,,,,,,,,,,,,,,,,,,,,,,,,,,
Hsa-Mir-1908,hsa-mir-1908,MIR-1908,GGCGGGG,MIMAT0007881,MIMAT0026916,chr11,61815172,61815229,-,Simiiformes,Simiiformes,,No,,,1.0,,,,,,,,,,,,,,,,,,,,,,,,,,,,,,,,
Hsa-Mir-1910,hsa-mir-1910,MIR-1910,AGGCAGA,MIMAT0007884,MIMAT0026917,chr16,85741630,85741689,-,H. sapiens,H. sapiens,,No,,,,,,,,,,,,,,,,,,,,,,,,,,,,,,,,,,,
Hsa-Mir-1911,hsa-mir-1911,MIR-1911,GAGUACC,MIMAT0007885,MIMAT0007886,chrX,114763195,114763253,+,Eutheria,Eutheria,,No,1.0,,1.0,,,,,,,,,,,,,,,,,,,,,,,,,,,,,,,,
Hsa-Mir-1912,hsa-mir-1912,MIR-1912,ACCCAGA,MIMAT0037333,MIMAT0007887,chrX,114651556,114651610,+,Eutheria,Eutheria,,No,,,,,,,,,,,,,,,,,,,,,,,,,,,,,,,,,,,
Hsa-Mir-1913,hsa-mir-1913,MIR-1913,CGGCAGA,,MIMAT0007888,chr6,166509364,166509422,-,H. sapiens,H. sapiens,,Yes,,,,,,,,,,,,,,,,,,,,,,,,,,,,,,,,,,,
Hsa-Mir-1914,hsa-mir-1914,MIR-1914,CCUGUGC,MIMAT0007889,MIMAT0007890,chr20,63941475,63941532,-,Catarrhini,Catarrhini,,Yes,,,1.0,,,,,,,,,,,,,,,,,,,,,,,,,,,,,,,,
Hsa-Mir-2114,hsa-mir-2114,MIR-2114,AGUCCCU,MIMAT0011156,MIMAT0011157,chrX,150228016,150228074,+,Eutheria,Eutheria,,No,1.0,,1.0,,,,,,,,,,,,,,,,,,,,,,,,,,,,,,,,
Hsa-Mir-2115,hsa-mir-2115,MIR-2115,AUCAGAA,MIMAT0011158,MIMAT0011159,chr3,48316380,48316439,-,H. sapiens,H. sapiens,,No,,,,,,,,,,,,,,,,,,,,,,,,,,,,,,,,,,,
Hsa-Mir-2116,hsa-mir-2116,MIR-2116,GUUCUUA,MIMAT0011160,MIMAT0011161,chr15,59171193,59171249,-,H. sapiens,H. sapiens,,No,,,,,,,,,,,,,,,,,,,,,,,,,,,,,,,,,,,
Hsa-Mir-2276,hsa-mir-2276,MIR-2276,CCCUCUG,MIMAT0026921,MIMAT0011775,chr13,24162431,24162490,+,Catarrhini,Catarrhini,,No,1.0,,1.0,,,,,,,,,,,,,,,,,,,,,,,,,,,,,,,,
Hsa-Mir-2355,hsa-mir-2355,MIR-2355,UCCCCAG,MIMAT0016895,MIMAT0017950,chr2,207109997,207110063,-,Eutheria,Eutheria,,No,,,1.0,,,,,,,,,,,,,,,,,,,,,,,,,,,,,,,,
Hsa-Mir-2467,hsa-mir-2467,MIR-2467,GAGGCUC,MIMAT0019952,MIMAT0019953,chr2,239351732,239351793,-,H. sapiens,H. sapiens,,No,,,,,,,,,,,,,,,,,,,,,,,,,,,,,,,,,,,
Hsa-Mir-3059,,MIR-3059,UUCCUCU,,,chr12,86745079,86745136,-,Eutheria,Eutheria,,Yes,,,,,,,,,,,,,,,,,,,,,,,,,,,,,,,,,,,
Hsa-Mir-3085,,MIR-3085,CUGGCUG,,,chr10,97875824,97875884,-,Eutheria,Eutheria,,Yes,,,1.0,,,,,,,,,,,,,,,,,,,,,,,,,,,,,,,,
Hsa-Mir-3126,hsa-mir-3126,MIR-3126,GAGGGAC,MIMAT0014989,MIMAT0015377,chr2,69103691,69103748,+,H. sapiens,H. sapiens,,No,,,1.0,,,,,,,,,,,,,,,,,,,,,,,,,,,,,,,,
Hsa-Mir-3127,hsa-mir-3127,MIR-3127,UCAGGGC,MIMAT0014990,MIMAT0019201,chr2,96798288,96798345,+,H. sapiens,H. sapiens,,No,,,,,,,,,,,,,,,,,,,,,,,,,,,,,,,,,,,
Hsa-Mir-3136,hsa-mir-3136,MIR-3136,UGACUGA,MIMAT0015003,MIMAT0019203,chr3,69048965,69049026,-,H. sapiens,H. sapiens,,No,,,,,,,,,,,,,,,,,,,,,,,,,,,,,,,,,,,
Hsa-Mir-3138,hsa-mir-3138,MIR-3138,CAGUGAG,,MIMAT0015006,chr4,10078620,10078681,-,Simiiformes,Simiiformes,,No,,,,,,,,,,,,,,,,,,,,,,,,,,,,,,,,,,,
Hsa-Mir-3140,hsa-mir-3140,MIR-3140,GCUUUUG,MIMAT0019204,MIMAT0015008,chr4,152489337,152489405,-,Primates,Primates,,No,1.0,,,,,,,,,,,,,,,,,,,,,,,,,,,,,,,,,,
Hsa-Mir-3144 V,hsa-mir-3144,MIR-3144,AGGGGAC,MIMAT0015014,MIMAT0015015,chr6,120015190,120015248,+,Catarrhini,Catarrhini,2.0,No,1.0,,,,,,,,,,,,,,,,,,,,,,,,,,,,,,,,,,
Hsa-Mir-3145,hsa-mir-3145,MIR-3145,GAUAUUU,MIMAT0019205,MIMAT0015016,chr6,138435222,138435283,-,Simiiformes,Simiiformes,,No,,,1.0,,,,,,,,,,,,,,,,,,,,,,,,,,,,,,,,
Hsa-Mir-3146,hsa-mir-3146,MIR-3146,AUGCUAG,,MIMAT0015018,chr7,19705365,19705427,-,Catarrhini,Catarrhini,,Yes,,,,,,,,,,,,,,,,,,,,,,,,,,,,,,,,,,,
Hsa-Mir-3173,hsa-mir-3173,MIR-3173,GCCCUGC,MIMAT0019214,MIMAT0015048,chr14,95137922,95137982,-,Simiiformes,Simiiformes,,Yes,1.0,,1.0,,,,,,,,,,,,,,,,,,,,,,,,,,,,,,,,
Hsa-Mir-3174,hsa-mir-3174,MIR-3174,AGUGAGU,MIMAT0015051,,chr15,90006764,90006833,+,Catarrhini,Catarrhini,,No,,,,,,,,,,,,,,,,,,,,,,,,,,,,,,,,,,,
Hsa-Mir-3180-P1,hsa-mir-3180-1,MIR-3180,GGGGCGG,MIMAT0015057,MIMAT0015058,chr16,16309892,16309957,+,H. sapiens,H. sapiens,,No,1.0,,,,,,,,,,,,,,,,,,,,,,,,,,,,,,,,,,
Hsa-Mir-3180-P2,hsa-mir-3180-2,MIR-3180,GGGGCGG,MIMAT0015057,MIMAT0015058,chr16,14911237,14911302,+,H. sapiens,H. sapiens,,No,1.0,,,,,,,,,,,,,,,,,,,,,,,,,,,,,,,,,,
Hsa-Mir-3180-P3,hsa-mir-3180-3,MIR-3180,GGGGCGG,MIMAT0015057,MIMAT0015058,chr16,18402189,18402254,-,H. sapiens,H. sapiens,,No,1.0,,,,,,,,,,,,,,,,,,,,,,,,,,,,,,,,,,
Hsa-Mir-3187,hsa-mir-3187,MIR-3187,UGGCCAU,MIMAT0019216,MIMAT0015069,chr19,813590,813649,+,Simiiformes,Simiiformes,,No,,,,,,,,,,,,,,,,,,,,,,,,,,,,,,,,,,,
Hsa-Mir-3194,hsa-mir-3194,MIR-3194,GCCAGCC,MIMAT0015078,MIMAT0019218,chr20,51452912,51452968,-,H. sapiens,H. sapiens,,No,,1.0,1.0,,,,,,,,,,,,,,,,,,,,,,,,,,,,,,,,
Hsa-Mir-3611,hsa-mir-3611,MIR-3611,UGUGAAG,,MIMAT0017988,chr10,35079608,35079668,-,H. sapiens,H. sapiens,,No,,,,,,,,,,,,,,,,,,,,,,,,,,,,,,,,,,,
Hsa-Mir-3613,hsa-mir-3613,MIR-3613,GUUGUAC,MIMAT0017990,MIMAT0017991,chr13,49996428,49996486,-,Theria,Theria,,No,,,1.0,,,,,,,,,,,,,,,,,,,,,,,,,,,,,,,,
Hsa-Mir-3615,hsa-mir-3615,MIR-3615,CUCUCGG,,MIMAT0017994,chr17,74748629,74748685,+,H. sapiens,H. sapiens,,No,,,,,,,,,,,,,,,,,,,,,,,,,,,,,,,,,,,
Hsa-Mir-3617,hsa-mir-3617,MIR-3617,AAGACAU,MIMAT0017997,MIMAT0022966,chr20,45705109,45705171,-,Catarrhini,Catarrhini,,No,,,1.0,,,,,,,,,,,,,,,,,,,,,,,,,,,,,,,,
Hsa-Mir-3619,hsa-mir-3619,MIR-3619,CAGCAGG,MIMAT0017999,MIMAT0019219,chr22,46091059,46091112,+,H. sapiens,H. sapiens,,No,,,1.0,,,,,,,,,,,,,,,,,,,,,,,,,,,,,,,,
Hsa-Mir-3622,hsa-mir-3622a,MIR-3622,AGGCACG,MIMAT0018003,MIMAT0018004,chr8,27701690,27701748,+,H. sapiens,H. sapiens,,No,,,,,,,,,,,,,,,,,,,,,,,,,,,,,,,,,,,
Hsa-Mir-3663,hsa-mir-3663,MIR-3663,GAGCACC,MIMAT0018084,MIMAT0018085,chr10,117167695,117167754,-,H. sapiens,H. sapiens,,No,,,1.0,,,,,,,,,,,,,,,,,,,,,,,,,,,,,,,,
Hsa-Mir-3690,hsa-mir-3690-1,MIR-3690,CCUGGAC,MIMAT0018119,,chrX,1293927,1293985,+,H. sapiens,H. sapiens,,No,,,1.0,,,,,,,,,,,,,,,,,,,,,,,,,,,,,,,,
Hsa-Mir-3909,hsa-mir-3909,MIR-3909,GUCCUCU,,MIMAT0018183,chr22,35335670,35335731,+,Catarrhini,Catarrhini,,No,,,1.0,,,,,,,,,,,,,,,,,,,,,,,,,,,,,,,,
Hsa-Mir-3924,hsa-mir-3924,MIR-3924,AGUAGUC,,MIMAT0018199,chr10,57304489,57304547,-,H. sapiens,H. sapiens,,No,,,,,,,,,,,,,,,,,,,,,,,,,,,,,,,,,,,
Hsa-Mir-3934,hsa-mir-3934,MIR-3934,CAGGUGU,MIMAT0018349,MIMAT0022975,chr6,33698152,33698212,+,Catarrhini,Catarrhini,,No,,,,,,,,,,,,,,,,,,,,,,,,,,,,,,,,,,,
Hsa-Mir-3942,hsa-mir-3942,MIR-3942,GCAAUAC,MIMAT0018358,MIMAT0019230,chr15,35372279,35372341,-,H. sapiens,H. sapiens,,No,1.0,,,,,,,,,,,,,,,,,,,,,,,,,,,,,,,,,,
Hsa-Mir-3944,hsa-mir-3944,MIR-3944,UCGGGCU,MIMAT0019231,MIMAT0018360,chr10,133371579,133371641,-,H. sapiens,H. sapiens,,No,,,,,,,,,,,,,,,,,,,,,,,,,,,,,,,,,,,
Hsa-Mir-4424,hsa-mir-4424,MIR-4424,UCCAUUU,MIMAT0018939,,chr1,178677763,178677822,+,Simiiformes,Simiiformes,,No,,,,,,,,,,,,,,,,,,,,,,,,,,,,,,,,,,,
Hsa-Mir-4524,hsa-mir-4524a,MIR-4524,GAGACAG,MIMAT0019062,MIMAT0019063,chr17,69099570,69099625,-,Catarrhini,Catarrhini,,No,,,1.0,,,,,,,,,,,,,,,,,,,,,,,,,,,,,,,,
Hsa-Mir-4637,hsa-mir-4637,MIR-4637,ACUAACU,,MIMAT0019694,chr5,14825932,14826007,-,Catarrhini,Catarrhini,,No,,,1.0,,,,,,,,,,,,,,,,,,,,,,,,,,,,,,,,
Hsa-Mir-4661,hsa-mir-4661,MIR-4661,ACUAGCU,MIMAT0019729,MIMAT0019730,chr8,91205494,91205552,+,Catarrhini,Catarrhini,,No,,,1.0,,,,,,,,,,,,,,,,,,,,,,,,,,,,,,,,
Hsa-Mir-4662,hsa-mir-4662b,MIR-4662,UAGCCAA,,MIMAT0019736,chr8,124821990,124822048,+,Catarrhini,Catarrhini,,No,,,,,,,,,,,,,,,,,,,,,,,,,,,,,,,,,,,
Hsa-Mir-4664,hsa-mir-4664,MIR-4664,GGGGUGC,MIMAT0019737,MIMAT0019738,chr8,143733089,143733144,-,Hominidae,Hominidae,,Yes,,,1.0,,,,,,,,,,,,,,,,,,,,,,,,,,,,,,,,
Hsa-Mir-4677,hsa-mir-4677,MIR-4677,CUGUGAG,MIMAT0019760,MIMAT0019761,chr1,243346188,243346246,+,Primates,Primates,,No,,,1.0,,,,,,,,,,,,,,,,,,,,,,,,,,,,,,,,
Hsa-Mir-4731,hsa-mir-4731,MIR-4731,GCUGGGG,MIMAT0019853,MIMAT0019854,chr17,15251634,15251687,-,Hominidae,Hominidae,,No,,,1.0,,,,,,,,,,,,,,,,,,,,,,,,,,,,,,,,
Hsa-Mir-4766,hsa-mir-4766,MIR-4766,CUGAAAG,MIMAT0019917,MIMAT0019918,chr22,40813892,40813947,-,Catarrhini,Catarrhini,,No,,,,,,,,,,,,,,,,,,,,,,,,,,,,,,,,,,,
Hsa-Mir-4798,hsa-mir-4798,MIR-4798,UCGGUAU,MIMAT0019974,MIMAT0019975,chr4,7310459,7310517,+,Catarrhini,Catarrhini,,Unknown,,,,,,,,,,,,,,,,,,,,,,,,,,,,,,,,,,,
Hsa-Mir-5579,hsa-mir-5579,MIR-5579,AUGGUAC,MIMAT0022269,MIMAT0022270,chr11,79422169,79422226,-,Simiiformes,Simiiformes,,No,1.0,,,,,,,,,,,,,,,,,,,,,,,,,,,,,,,,,,
Hsa-Mir-5581,hsa-mir-5581,MIR-5581,CCUUCCA,MIMAT0022275,MIMAT0022276,chr1,37500935,37500993,-,Catarrhini,Catarrhini,,No,,,,,,,,,,,,,,,,,,,,,,,,,,,,,,,,,,,
Hsa-Mir-5586,hsa-mir-5586,MIR-5586,UAUCCAG,MIMAT0022287,MIMAT0022288,chr14,59646962,59647021,-,Simiiformes,Simiiformes,,No,1.0,,,,,,,,,,,,,,,,,,,,,,,,,,,,,,,,,,
Hsa-Mir-5687,hsa-mir-5687,MIR-5687,UGACUCU,,MIMAT0022478,chr5,55508859,55508916,-,Simiiformes,Simiiformes,,No,,,,,,,,,,,,,,,,,,,,,,,,,,,,,,,,,,,
Hsa-Mir-6529,,MIR-6529,AGAGAUC,,,chr3,120084575,120084635,-,Eutheria,Eutheria,,Unknown,,,1.0,,,,,,,,,,,,,,,,,,,,,,,,,,,,,,,,
Hsa-Mir-6715,hsa-mir-6715a,MIR-6715,CAAACCA,,MIMAT0025841,chr10,112299624,112299680,+,Eutheria,Eutheria,,No,,,1.0,,,,,,,,,,,,,,,,,,,,,,,,,,,,,,,,
Hsa-Mir-7151,hsa-mir-7151,MIR-7151,AUCCAUC,MIMAT0028212,MIMAT0028213,chr10,67403351,67403410,-,H. sapiens,H. sapiens,,No,,,1.0,,,,,,,,,,,,,,,,,,,,,,,,,,,,,,,,
Hsa-Mir-7706,hsa-mir-7706,MIR-7706,GAAGCGC,,MIMAT0030021,chr15,85380603,85380662,+,Catarrhini,Catarrhini,,No,,,1.0,,,,,,,,,,,,,,,,,,,,,,,,,,,,,,,,
Hsa-Mir-7854,hsa-mir-7854,MIR-7854,GAGGUGA,,MIMAT0030429,chr16,81533905,81533965,+,Hominidae,Hominidae,,No,,,,,,,,,,,,,,,,,,,,,,,,,,,,,,,,,,,
Hsa-Mir-9851,hsa-mir-9851,MIR-9851,GGCACCA,MIMAT0048639,MIMAT0048640,chr10,116827499,116827555,-,Eutheria,Eutheria,,Unknown,,,,,,,,,,,,,,,,,,,,,,,,,,,,,,,,,,,
Hsa-Mir-12462 V,,MIR-12462,UAGAUGA,,,chr1,156103047,156103105,-,Catarrhini,Catarrhini,2.0,No,,,,,,,,,,,,,,,,,,,,,,,,,,,,,,,,,,,
Hsa-Mir-12463,,MIR-12463,AUAAACU,,,chr4,75973882,75973940,-,Catarrhini,Catarrhini,,No,,,,,,,,,,,,,,,,,,,,,,,,,,,,,,,,,,,
