Unnamed: 0_level_0,Unnamed: 1_level_0,Unnamed: 2_level_0,Unnamed: 3_level_0,Unnamed: 4_level_0,Unnamed: 5_level_0,Sort by genome coordinates,Sort by genome coordinates,Sort by genome coordinates,Sort by genome coordinates,Unnamed: 10_level_0,Unnamed: 11_level_0,Unnamed: 12_level_0,Unnamed: 13_level_0,Motifs,Motifs,Motifs,Tissue expression -  +,Tissue expression -  +,Tissue expression -  +,Tissue expression -  +,Tissue expression -  +,Tissue expression -  +,Tissue expression -  +,Tissue expression -  +,Tissue expression -  +,Tissue expression -  +,Tissue expression -  +,Tissue expression -  +,Tissue expression -  +,Tissue expression -  +,Tissue expression -  +
MirGeneDB ID ▲,MiRBase ID,Family,Seed,5p accession,3p accession,Chromosome,Start,End,Strand,Node of origin (locus),Node of origin (family),Iso­miR,3' NTU,UG,UGUG,CNNC,Br,Br.1,Ce,Ce.1,Em,Em.1,He,Ki,Li,Lu,Ov,Pa,Sk,Sp,Te
Mmu-Let-7-P1b,mmu-let-7e,LET-7,GAGGUAG,MIMAT0000524,MIMAT0017016,chr17,17830366,17830432,+,Gnathostomata,Bilateria,,No,,,,,,,,,,,,,,,,,,
Mmu-Let-7-P1c,mmu-let-7c-1,LET-7,GAGGUAG,MIMAT0000523,MIMAT0004622,chr16,77599672,77599738,+,Gnathostomata,Bilateria,,No,,,1.0,,,,,,,,,,,,,,,
Mmu-Let-7-P1d,mmu-let-7a-2,LET-7,GAGGUAG,MIMAT0000521,MIMAT0017015,chr9,41536732,41536798,+,Gnathostomata,Bilateria,,No,,,1.0,,,,,,,,,,,,,,,
Mmu-Let-7-P2a1,mmu-let-7a-1,LET-7,GAGGUAG,MIMAT0000521,MIMAT0004620,chr13,48538189,48538260,-,Gnathostomata,Bilateria,,Yes,,,,,,,,,,,,,,,,,,
Mmu-Let-7-P2a2,mmu-let-7c-2,LET-7,GAGGUAG,MIMAT0000523,MIMAT0005439,chr15,85706616,85706684,+,Gnathostomata,Bilateria,,Yes,,,,,,,,,,,,,,,,,,
Mmu-Let-7-P2a3,mmu-let-7f-2,LET-7,GAGGUAG,MIMAT0000525,MIMAT0017017,chrX,151912353,151912423,+,Gnathostomata,Bilateria,,Yes,,,,,,,,,,,,,,,,,,
Mmu-Let-7-P2b1,mmu-let-7f-1,LET-7,GAGGUAG,MIMAT0000525,MIMAT0004623,chr13,48537834,48537910,-,Gnathostomata,Bilateria,,Yes,,1.0,1.0,,,,,,,,,,,,,,,
Mmu-Let-7-P2b2,mmu-let-7b,LET-7,GAGGUAG,MIMAT0000522,MIMAT0004621,chr15,85707325,85707399,+,Gnathostomata,Bilateria,,Yes,,,,,,,,,,,,,,,,,,
Mmu-Let-7-P2b3,mmu-mir-98,LET-7,GAGGUAG,MIMAT0000545,MIMAT0017023,chrX,151913229,151913307,+,Gnathostomata,Bilateria,,Yes,1.0,1.0,,,,,,,,,,,,,,,,
Mmu-Let-7-P2c1,mmu-let-7d,LET-7,GAGGUAG,MIMAT0000383,MIMAT0000384,chr13,48536025,48536099,-,Gnathostomata,Bilateria,,Yes,,,1.0,,,,,,,,,,,,,,,
Mmu-Let-7-P2c2,mmu-let-7i,LET-7,GAGGUAG,MIMAT0000122,MIMAT0004520,chr10,122985643,122985719,-,Gnathostomata,Bilateria,,Yes,,,1.0,,,,,,,,,,,,,,,
Mmu-Let-7-P2c3,mmu-let-7g,LET-7,GAGGUAG,MIMAT0000121,MIMAT0004519,chr9,106178846,106178923,+,Gnathostomata,Bilateria,,Yes,,,1.0,,,,,,,,,,,,,,,
Mmu-Mir-1-P1,mmu-mir-1a-2,MIR-1,GGAAUGU,MIMAT0017047,MIMAT0000123,chr18,10785485,10785545,-,Gnathostomata,Bilateria,,No,1.0,,1.0,,,,,,,,,,,,,,,
Mmu-Mir-1-P2,mmu-mir-206,MIR-1,GGAAUGU,MIMAT0017004,MIMAT0000239,chr1,20679017,20679076,+,Gnathostomata,Bilateria,,No,,,1.0,,,,,,,,,,,,,,,
Mmu-Mir-1-P3,mmu-mir-1a-1,MIR-1,GGAAUGU,MIMAT0016979,MIMAT0000123,chr2,180389057,180389117,+,Gnathostomata,Bilateria,,No,,,,,,,,,,,,,,,,,,
Mmu-Mir-7-P1,mmu-mir-7a-2,MIR-7,GGAAGAC,MIMAT0000677,MIMAT0017070,chr7,78888295,78888356,+,Gnathostomata,Bilateria,,No,,1.0,1.0,,,,,,,,,,,,,,,
Mmu-Mir-7-P2,mmu-mir-7a-1,MIR-7,GGAAGAC,MIMAT0000677,MIMAT0004670,chr13,58392800,58392863,-,Gnathostomata,Bilateria,,No,,,1.0,,,,,,,,,,,,,,,
Mmu-Mir-7-P4,mmu-mir-7b,MIR-7,GGAAGAC,MIMAT0000678,MIMAT0017071,chr17,56243017,56243076,+,Gnathostomata,Bilateria,,No,,,1.0,,,,,,,,,,,,,,,
Mmu-Mir-8-P1a,mmu-mir-200b,MIR-8,AAUACUG,MIMAT0004545,MIMAT0000233,chr4,156055684,156055742,-,Vertebrata,Nephrozoa,,No,1.0,,1.0,,,,,,,,,,,,,,,
Mmu-Mir-8-P1b,mmu-mir-200c,MIR-8,AAUACUG,MIMAT0004663,MIMAT0000657,chr6,124718324,124718386,-,Vertebrata,Nephrozoa,,No,1.0,1.0,1.0,,,,,,,,,,,,,,,
Mmu-Mir-8-P2a,mmu-mir-200a,MIR-8,AACACUG,MIMAT0004619,MIMAT0000519,chr4,156054910,156054970,-,Vertebrata,Nephrozoa,,No,1.0,,,,,,,,,,,,,,,,,
Mmu-Mir-8-P2b,mmu-mir-141,MIR-8,AACACUG,MIMAT0004533,MIMAT0000153,chr6,124717916,124717980,-,Vertebrata,Nephrozoa,,No,,,1.0,,,,,,,,,,,,,,,
Mmu-Mir-8-P3a,mmu-mir-429,MIR-8,AAUACUG,MIMAT0017178,MIMAT0001537,chr4,156053916,156053974,-,Vertebrata,Nephrozoa,,No,,,1.0,,,,,,,,,,,,,,,
Mmu-Mir-9-P1,mmu-mir-9-3,MIR-9,CUUUGGU,MIMAT0000142,MIMAT0000143,chr7,79505279,79505340,+,Gnathostomata,Bilateria,,No,,1.0,1.0,,,,,,,,,,,,,,,
Mmu-Mir-9-P2,mmu-mir-9-2,MIR-9,CUUUGGU,MIMAT0000142,MIMAT0000143,chr13,83738821,83738880,+,Gnathostomata,Bilateria,,No,,1.0,1.0,,,,,,,,,,,,,,,
Mmu-Mir-9-P3,mmu-mir-9-1,MIR-9,CUUUGGU,MIMAT0000142,MIMAT0000143,chr3,88215613,88215674,+,Gnathostomata,Bilateria,,No,,1.0,1.0,,,,,,,,,,,,,,,
Mmu-Mir-10-P1b V,mmu-mir-10b,MIR-10,ACCCUGU,MIMAT0000208,MIMAT0004538,chr2,74726074,74726135,+,Gnathostomata,Eumetazoa,2.0,No,,1.0,1.0,,,,,,,,,,,,,,,
Mmu-Mir-10-P1c V,mmu-mir-10a,MIR-10,ACCCUGU,MIMAT0000648,MIMAT0004659,chr11,96317186,96317248,+,Gnathostomata,Eumetazoa,2.0,No,,,1.0,,,,,,,,,,,,,,,
Mmu-Mir-10-P2b,mmu-mir-99b,MIR-10,ACCCGUA,MIMAT0000132,MIMAT0004525,chr17,17830194,17830253,+,Gnathostomata,Eumetazoa,,Yes,1.0,,,,,,,,,,,,,,,,,
Mmu-Mir-10-P2c,mmu-mir-99a,MIR-10,ACCCGUA,MIMAT0000131,MIMAT0016981,chr16,77598940,77598998,+,Gnathostomata,Eumetazoa,,Yes,1.0,1.0,,,,,,,,,,,,,,,,
Mmu-Mir-10-P2d,mmu-mir-100,MIR-10,ACCCGUA,MIMAT0000655,MIMAT0017051,chr9,41531437,41531493,+,Gnathostomata,Eumetazoa,,No,,,1.0,,,,,,,,,,,,,,,
Mmu-Mir-10-P3b,mmu-mir-125a,MIR-10,CCCUGAG,MIMAT0000135,MIMAT0004528,chr17,17830817,17830876,+,Gnathostomata,Eumetazoa,,No,1.0,,1.0,,,,,,,,,,,,,,,
Mmu-Mir-10-P3c,mmu-mir-125b-2,MIR-10,CCCUGAG,MIMAT0000136,MIMAT0004529,chr16,77646279,77646339,+,Gnathostomata,Eumetazoa,,No,,,1.0,,,,,,,,,,,,,,,
Mmu-Mir-10-P3d,mmu-mir-125b-1,MIR-10,CCCUGAG,MIMAT0000136,MIMAT0004669,chr9,41581940,41582001,+,Gnathostomata,Eumetazoa,,No,1.0,1.0,1.0,,,,,,,,,,,,,,,
Mmu-Mir-15-P1a,mmu-mir-15a,MIR-15,AGCAGCA,MIMAT0000526,MIMAT0004624,chr14,61632038,61632096,-,Gnathostomata,Olfactores,,No,,,1.0,,,,,,,,,,,,,,,
Mmu-Mir-15-P1b,mmu-mir-15b,MIR-15,AGCAGCA,MIMAT0000124,MIMAT0004521,chr3,69009775,69009834,+,Gnathostomata,Olfactores,,No,,,,,,,,,,,,,,,,,,
Mmu-Mir-15-P1c V,mmu-mir-322,MIR-15,AGCAGCA,MIMAT0000548,MIMAT0000549,chrX,53054270,53054327,-,Gnathostomata,Olfactores,3.0,No,,,,,,,,,,,,,,,,,,
Mmu-Mir-15-P1d,mmu-mir-497a,MIR-15,AGCAGCA,MIMAT0003453,MIMAT0017247,chr11,70234730,70234791,+,Gnathostomata,Olfactores,,No,,,1.0,,,,,,,,,,,,,,,
Mmu-Mir-15-P2a,mmu-mir-16-1,MIR-15,AGCAGCA,MIMAT0000527,MIMAT0004625,chr14,61631893,61631957,-,Gnathostomata,Olfactores,,No,1.0,,1.0,,,,,,,,,,,,,,,
Mmu-Mir-15-P2b,mmu-mir-16-2,MIR-15,AGCAGCA,MIMAT0000527,MIMAT0017018,chr3,69009918,69009982,+,Gnathostomata,Olfactores,,No,1.0,,1.0,,,,,,,,,,,,,,,
Mmu-Mir-15-P2c,mmu-mir-503,MIR-15,AGCAGCG,MIMAT0003188,MIMAT0004790,chrX,53053987,53054049,-,Gnathostomata,Olfactores,,No,,,1.0,,,,,,,,,,,,,,,
Mmu-Mir-15-P2d,mmu-mir-195a,MIR-15,AGCAGCA,MIMAT0000225,MIMAT0017000,chr11,70235062,70235122,+,Gnathostomata,Olfactores,,No,,,1.0,,,,,,,,,,,,,,,
Mmu-Mir-17-P1a,mmu-mir-17,MIR-17,AAAGUGC,MIMAT0000649,MIMAT0000650,chr14,115043684,115043743,+,Gnathostomata,Vertebrata,,No,,,1.0,,,,,,,,,,,,,,,
Mmu-Mir-17-P1c,mmu-mir-106a,MIR-17,AAAGUGC,MIMAT0000385,MIMAT0017009,chrX,52742505,52742563,-,Gnathostomata,Vertebrata,,No,1.0,,,,,,,,,,,,,,,,,
Mmu-Mir-17-P1d,mmu-mir-106b,MIR-17,AAAGUGC,MIMAT0000386,MIMAT0004582,chr5,138165746,138165807,-,Gnathostomata,Vertebrata,,No,,1.0,1.0,,,,,,,,,,,,,,,
Mmu-Mir-17-P2a,mmu-mir-18a,MIR-17,AAGGUGC,MIMAT0000528,MIMAT0004626,chr14,115043867,115043931,+,Gnathostomata,Vertebrata,,No,,,1.0,,,,,,,,,,,,,,,
Mmu-Mir-17-P2c,mmu-mir-18b,MIR-17,AAGGUGC,MIMAT0004858,MIMAT0017270,chrX,52742341,52742403,-,Gnathostomata,Vertebrata,,No,1.0,,,,,,,,,,,,,,,,,
Mmu-Mir-17-P4a,mmu-mir-20a,MIR-17,AAAGUGC,MIMAT0000529,MIMAT0004627,chr14,115044183,115044241,+,Gnathostomata,Vertebrata,,No,,1.0,1.0,,,,,,,,,,,,,,,
Mmu-Mir-17-P4c,mmu-mir-20b,MIR-17,AAAGUGC,MIMAT0003187,MIMAT0004788,chrX,52742121,52742181,-,Gnathostomata,Vertebrata,,No,,,,,,,,,,,,,,,,,,
Mmu-Mir-17-P4d,mmu-mir-93,MIR-17,AAAGUGC,MIMAT0000540,MIMAT0004636,chr5,138165535,138165596,-,Gnathostomata,Vertebrata,,No,,1.0,1.0,,,,,,,,,,,,,,,
Mmu-Mir-19-P1a,mmu-mir-19a,MIR-19,GUGCAAA,MIMAT0004660,MIMAT0000651,chr14,115044013,115044070,+,Gnathostomata,Vertebrata,,No,1.0,,1.0,,,,,,,,,,,,,,,
Mmu-Mir-19-P2a,mmu-mir-19b-1,MIR-19,GUGCAAA,MIMAT0017065,MIMAT0000513,chr14,115044320,115044380,+,Gnathostomata,Vertebrata,,No,,1.0,,,,,,,,,,,,,,,,
Mmu-Mir-19-P2c,mmu-mir-19b-2,MIR-19,GUGCAAA,MIMAT0017010,MIMAT0000513,chrX,52741991,52742056,-,Gnathostomata,Vertebrata,,No,1.0,,,,,,,,,,,,,,,,,
Mmu-Mir-21,mmu-mir-21a,MIR-21,AGCUUAU,MIMAT0000530,MIMAT0004628,chr11,86584082,86584141,-,Vertebrata,Vertebrata,,No,,,,,,,,,,,,,,,,,,
Mmu-Mir-22-P1b,mmu-mir-22,MIR-22,AGCUGCC,MIMAT0004629,MIMAT0000531,chr11,75463734,75463793,+,Vertebrata,Bilateria,,No,,1.0,1.0,,,,,,,,,,,,,,,
Mmu-Mir-23-P2,mmu-mir-23b,MIR-23,UCACAUU,MIMAT0016980,MIMAT0000125,chr13,63300492,63300551,+,Gnathostomata,Vertebrata,,No,1.0,1.0,1.0,,,,,,,,,,,,,,,
Mmu-Mir-23-P3,mmu-mir-23a,MIR-23,UCACAUU,MIMAT0017019,MIMAT0000532,chr8,84208527,84208585,+,Gnathostomata,Vertebrata,,No,1.0,,,,,,,,,,,,,,,,,
Mmu-Mir-24-P2,mmu-mir-24-1,MIR-24,GGCUCAG,MIMAT0000218,MIMAT0000219,chr13,63301213,63301272,+,Gnathostomata,Vertebrata,,Yes,,,,,,,,,,,,,,,,,,
Mmu-Mir-24-P3,mmu-mir-24-2,MIR-24,GGCUCAG,MIMAT0005440,MIMAT0000219,chr8,84208839,84208896,+,Gnathostomata,Vertebrata,,Yes,,,,,,,,,,,,,,,,,,
Mmu-Mir-26-P1,mmu-mir-26a-1,MIR-26,UCAAGUA,MIMAT0000533,MIMAT0017020,chr9,119031811,119031871,+,Gnathostomata,Vertebrata,,No,,1.0,1.0,,,,,,,,,,,,,,,
Mmu-Mir-26-P2,mmu-mir-26b,MIR-26,UCAAGUA,MIMAT0000534,MIMAT0004630,chr1,74394324,74394381,+,Gnathostomata,Vertebrata,,No,1.0,1.0,1.0,,,,,,,,,,,,,,,
Mmu-Mir-26-P4,mmu-mir-26a-2,MIR-26,UCAAGUA,MIMAT0000533,MIMAT0017058,chr10,126995543,126995602,+,Gnathostomata,Vertebrata,,No,,1.0,1.0,,,,,,,,,,,,,,,
Mmu-Mir-27-P2,mmu-mir-27b,MIR-27,UCACAGU,MIMAT0004522,MIMAT0000126,chr13,63300718,63300780,+,Gnathostomata,Vertebrata,,No,,1.0,,,,,,,,,,,,,,,,
Mmu-Mir-27-P3,mmu-mir-27a,MIR-27,UCACAGU,MIMAT0004633,MIMAT0000537,chr8,84208685,84208747,+,Gnathostomata,Vertebrata,,No,,,1.0,,,,,,,,,,,,,,,
Mmu-Mir-28,mmu-mir-28a,MIR-28,AGGAGCU,MIMAT0000653,MIMAT0004661,chr16,24827868,24827929,+,Eutheria,Eutheria,,No,1.0,,1.0,,,,,,,,,,,,,,,
Mmu-Mir-29-P1b V,mmu-mir-29b-1,MIR-29,AGCACCA,MIMAT0004523,MIMAT0000127,chr6,31063025,31063088,-,Gnathostomata,Bilateria,2.0,No,,,1.0,,,,,,,,,,,,,,,
Mmu-Mir-29-P1d V,mmu-mir-29b-2,MIR-29,AGCACCA,MIMAT0017063,MIMAT0000127,chr1,195037049,195037113,+,Gnathostomata,Bilateria,2.0,No,,,1.0,,,,,,,,,,,,,,,
Mmu-Mir-29-P2b,mmu-mir-29a,MIR-29,AGCACCA,MIMAT0004631,MIMAT0000535,chr6,31062673,31062732,-,Gnathostomata,Bilateria,,No,,,1.0,,,,,,,,,,,,,,,
Mmu-Mir-29-P2d,mmu-mir-29c,MIR-29,AGCACCA,MIMAT0004632,MIMAT0000536,chr1,195037564,195037621,+,Gnathostomata,Bilateria,,No,,,1.0,,,,,,,,,,,,,,,
Mmu-Mir-30-P1a,mmu-mir-30d,MIR-30,GUAAACA,MIMAT0000515,MIMAT0017011,chr15,68341217,68341278,-,Gnathostomata,Vertebrata,,No,,,1.0,,,,,,,,,,,,,,,
Mmu-Mir-30-P1b,mmu-mir-30a,MIR-30,GUAAACA,MIMAT0000128,MIMAT0000129,chr1,23272274,23272336,+,Gnathostomata,Vertebrata,,No,1.0,1.0,1.0,,,,,,,,,,,,,,,
Mmu-Mir-30-P1d,mmu-mir-30e,MIR-30,GUAAACA,MIMAT0000248,MIMAT0000249,chr4,120772618,120772681,-,Gnathostomata,Vertebrata,,No,,,1.0,,,,,,,,,,,,,,,
Mmu-Mir-30-P2a,mmu-mir-30b,MIR-30,GUAAACA,MIMAT0000130,MIMAT0004524,chr15,68337431,68337490,-,Gnathostomata,Vertebrata,,No,,,1.0,,,,,,,,,,,,,,,
Mmu-Mir-30-P2b,mmu-mir-30c-2,MIR-30,GUAAACA,MIMAT0000514,MIMAT0005438,chr1,23291714,23291775,+,Gnathostomata,Vertebrata,,No,1.0,1.0,1.0,,,,,,,,,,,,,,,
Mmu-Mir-30-P2d,mmu-mir-30c-1,MIR-30,GUAAACA,MIMAT0000514,MIMAT0004616,chr4,120769546,120769606,-,Gnathostomata,Vertebrata,,No,,1.0,1.0,,,,,,,,,,,,,,,
Mmu-Mir-31,mmu-mir-31,MIR-31,GGCAAGA,MIMAT0000538,MIMAT0004634,chr4,88910577,88910635,-,Bilateria,Bilateria,,No,,,1.0,,,,,,,,,,,,,,,
Mmu-Mir-32,mmu-mir-32,MIR-32,AUUGCAC,MIMAT0000654,MIMAT0017050,chr4,56895232,56895293,-,Gnathostomata,Gnathostomata,,No,1.0,1.0,,,,,,,,,,,,,,,,
Mmu-Mir-33-P3,mmu-mir-33,MIR-33,UGCAUUG,MIMAT0000667,MIMAT0004666,chr15,82198127,82198187,+,Gnathostomata,Bilateria,,No,,1.0,1.0,,,,,,,,,,,,,,,
Mmu-Mir-34-P1,mmu-mir-34a,MIR-34,GGCAGUG,MIMAT0000542,MIMAT0017022,chr4,150068473,150068538,+,Gnathostomata,Bilateria,,No,1.0,1.0,,,,,,,,,,,,,,,,
Mmu-Mir-34-P2a,mmu-mir-34b,MIR-34,GGCAGUG,MIMAT0000382,MIMAT0004581,chr9,51103574,51103632,-,Vertebrata,Bilateria,,No,,,1.0,,,,,,,,,,,,,,,
Mmu-Mir-34-P2b,mmu-mir-34c,MIR-34,GGCAGUG,MIMAT0000381,MIMAT0004580,chr9,51103044,51103098,-,Vertebrata,Bilateria,,No,1.0,,1.0,,,,,,,,,,,,,,,
Mmu-Mir-34-P3a,mmu-mir-449c,MIR-34,GGCAGUG,MIMAT0003460,MIMAT0022715,chr13,113036008,113036070,+,Gnathostomata,Bilateria,,Yes,1.0,,,,,,,,,,,,,,,,,
Mmu-Mir-34-P3b,mmu-mir-449b,MIR-34,GGCAGUG,MIMAT0005447,,chr13,113037429,113037487,+,Gnathostomata,Bilateria,,Yes,1.0,,1.0,,,,,,,,,,,,,,,
Mmu-Mir-34-P3c,mmu-mir-449a,MIR-34,GGCAGUG,MIMAT0001542,MIMAT0017180,chr13,113037549,113037610,+,Gnathostomata,Bilateria,,No,1.0,,1.0,,,,,,,,,,,,,,,
Mmu-Mir-92-P1a,mmu-mir-92a-1,MIR-92,AUUGCAC,MIMAT0017066,MIMAT0000539,chr14,115044437,115044497,+,Gnathostomata,Bilateria,,No,,1.0,,,,,,,,,,,,,,,,
Mmu-Mir-92-P1c,mmu-mir-92a-2,MIR-92,AUUGCAC,MIMAT0004635,MIMAT0000539,chrX,52741853,52741913,-,Gnathostomata,Bilateria,,No,,1.0,,,,,,,,,,,,,,,,
Mmu-Mir-92-P1d,mmu-mir-92b,MIR-92,AUUGCAC,MIMAT0017278,MIMAT0004899,chr3,89227126,89227188,-,Gnathostomata,Bilateria,,No,,,1.0,,,,,,,,,,,,,,,
Mmu-Mir-92-P2a,mmu-mir-367,MIR-92,AUUGCAC,MIMAT0017214,MIMAT0003181,chr3,127545741,127545800,+,Gnathostomata,Bilateria,,No,,,1.0,,,,,,,,,,,,,,,
Mmu-Mir-92-P2c,mmu-mir-363,MIR-92,AUUGCAC,MIMAT0017076,MIMAT0000708,chrX,52741697,52741761,-,Gnathostomata,Bilateria,,No,1.0,,,,,,,,,,,,,,,,,
Mmu-Mir-92-P2d,mmu-mir-25,MIR-92,AUUGCAC,MIMAT0017049,MIMAT0000652,chr5,138165332,138165391,-,Gnathostomata,Bilateria,,No,1.0,,1.0,,,,,,,,,,,,,,,
Mmu-Mir-96-P1,mmu-mir-96,MIR-96,UUGGCAC,MIMAT0000541,MIMAT0017021,chr6,30169465,30169528,-,Bilateria,Bilateria,,No,,1.0,1.0,,,,,,,,,,,,,,,
Mmu-Mir-96-P2,mmu-mir-182,MIR-96,UUGGCAA,MIMAT0000211,MIMAT0016995,chr6,30165922,30165986,-,Bilateria,Bilateria,,No,,,1.0,,,,,,,,,,,,,,,
Mmu-Mir-96-P3 V,mmu-mir-183,MIR-96,AUGGCAC,MIMAT0000212,MIMAT0004539,chr6,30169671,30169732,-,Bilateria,Bilateria,2.0,No,,1.0,1.0,,,,,,,,,,,,,,,
Mmu-Mir-101-P1 V,mmu-mir-101a,MIR-101,ACAGUAC,MIMAT0004526,MIMAT0000133,chr4,101346956,101347014,-,Vertebrata,Vertebrata,2.0,No,,1.0,1.0,,,,,,,,,,,,,,,
Mmu-Mir-101-P2 V,mmu-mir-101b,MIR-101,ACAGUAC,MIMAT0017046,MIMAT0000616,chr19,29135302,29135360,+,Vertebrata,Vertebrata,2.0,No,1.0,,,,,,,,,,,,,,,,,
Mmu-Mir-103-P1,mmu-mir-107,MIR-103,GCAGCAU,MIMAT0017048,MIMAT0000647,chr19,34820700,34820759,-,Gnathostomata,Bilateria,,No,,,1.0,,,,,,,,,,,,,,,
Mmu-Mir-103-P2,mmu-mir-103-2,MIR-103,GCAGCAU,MIMAT0017025,MIMAT0000546,chr2,131288066,131288125,+,Gnathostomata,Bilateria,,No,,,1.0,,,,,,,,,,,,,,,
Mmu-Mir-103-P4,mmu-mir-103-1,MIR-103,GCAGCAU,MIMAT0017024,MIMAT0000546,chr11,35782410,35782469,+,Gnathostomata,Bilateria,,No,,,1.0,,,,,,,,,,,,,,,
Mmu-Mir-105-P1,mmu-mir-105,MIR-105,CAAGUGC,MIMAT0004856,,chrX,72591511,72591569,-,Eutheria,Eutheria,,Unknown,1.0,,1.0,,,,,,,,,,,,,,,
Mmu-Mir-122,mmu-mir-122,MIR-122,GGAGUGU,MIMAT0000246,MIMAT0017005,chr18,65248866,65248923,+,Vertebrata,Vertebrata,,No,,,1.0,,,,,,,,,,,,,,,
Mmu-Mir-124-P1 V,mmu-mir-124-2,MIR-124,AAGGCAC,MIMAT0004527,MIMAT0000134,chr3,17795686,17795744,+,Gnathostomata,Bilateria,2.0,No,,,1.0,,,,,,,,,,,,,,,
Mmu-Mir-124-P2 V,mmu-mir-124-1,MIR-124,AAGGCAC,MIMAT0004527,MIMAT0000134,chr14,64590670,64590730,+,Gnathostomata,Bilateria,2.0,No,,,1.0,,,,,,,,,,,,,,,
Mmu-Mir-124-P3 V,mmu-mir-124-3,MIR-124,AAGGCAC,MIMAT0004527,MIMAT0000134,chr2,180894045,180894104,+,Gnathostomata,Bilateria,2.0,No,1.0,,1.0,,,,,,,,,,,,,,,
Mmu-Mir-126-P2 V,mmu-mir-126a,MIR-126,CGUACCG,MIMAT0000137,MIMAT0000138,chr2,26591365,26591423,+,Vertebrata,Olfactores,3.0,No,1.0,1.0,1.0,,,,,,,,,,,,,,,
Mmu-Mir-127,mmu-mir-127,MIR-127,CGGAUCC,MIMAT0004530,MIMAT0000139,chr12,109592854,109592909,+,Eutheria,Eutheria,,No,,,1.0,,,,,,,,,,,,,,,
Mmu-Mir-128-P1,mmu-mir-128-2,MIR-128,CACAGUG,MIMAT0017069,MIMAT0000140,chr9,112118644,112118701,-,Gnathostomata,Vertebrata,,No,1.0,1.0,1.0,,,,,,,,,,,,,,,
Mmu-Mir-128-P2,mmu-mir-128-1,MIR-128,CACAGUG,MIMAT0016982,MIMAT0000140,chr1,128202369,128202424,+,Gnathostomata,Vertebrata,,No,1.0,,1.0,,,,,,,,,,,,,,,
Mmu-Mir-129-P1,mmu-mir-129-2,MIR-129,UUUUUGC,MIMAT0000209,MIMAT0000544,chr2,94241376,94241439,-,Gnathostomata,Chordata,,No,1.0,1.0,1.0,,,,,,,,,,,,,,,
Mmu-Mir-129-P2,mmu-mir-129-1,MIR-129,UUUUUGC,MIMAT0000209,MIMAT0016994,chr6,29022624,29022688,+,Gnathostomata,Chordata,,No,1.0,1.0,1.0,,,,,,,,,,,,,,,
Mmu-Mir-130-P1c,mmu-mir-130a,MIR-130,AGUGCAA,MIMAT0016983,MIMAT0000141,chr2,84741116,84741176,-,Gnathostomata,Vertebrata,,Yes,1.0,,,,,,,,,,,,,,,,,
Mmu-Mir-130-P2a,mmu-mir-301b,MIR-130,AGUGCAA,MIMAT0017232,MIMAT0004186,chr16,17124418,17124477,-,Gnathostomata,Vertebrata,,No,1.0,1.0,,,,,,,,,,,,,,,,
Mmu-Mir-130-P2b,mmu-mir-301a,MIR-130,AGUGCAA,MIMAT0017008,MIMAT0000379,chr11,87113017,87113078,+,Gnathostomata,Vertebrata,,No,,,1.0,,,,,,,,,,,,,,,
Mmu-Mir-130-P4a,mmu-mir-130b,MIR-130,AGUGCAA,MIMAT0004583,MIMAT0000387,chr16,17124071,17124130,-,Gnathostomata,Vertebrata,,Yes,,1.0,,,,,,,,,,,,,,,,
Mmu-Mir-132-P1,mmu-mir-132,MIR-132,AACAGUC,MIMAT0016984,MIMAT0000144,chr11,75173687,75173744,+,Vertebrata,Vertebrata,,No,,1.0,,,,,,,,,,,,,,,,
Mmu-Mir-132-P2,mmu-mir-212,MIR-132,CCUUGGC,MIMAT0017053,MIMAT0000659,chr11,75173403,75173464,+,Vertebrata,Vertebrata,,No,,,1.0,,,,,,,,,,,,,,,
Mmu-Mir-133-P1 V,mmu-mir-133a-1,MIR-133,UUGGUCC,MIMAT0003473,MIMAT0000145,chr18,10782912,10782971,-,Gnathostomata,Bilateria,2.0,No,,,,,,,,,,,,,,,,,,
Mmu-Mir-133-P2 V,mmu-mir-133b,MIR-133,UUGGUCC,MIMAT0017083,MIMAT0000769,chr1,20682797,20682855,+,Gnathostomata,Bilateria,2.0,No,,,,,,,,,,,,,,,,,,
Mmu-Mir-133-P3 V,mmu-mir-133a-2,MIR-133,UUGGUCC,MIMAT0003473,MIMAT0000145,chr2,180398400,180398459,+,Gnathostomata,Bilateria,2.0,No,,,1.0,,,,,,,,,,,,,,,
Mmu-Mir-134,mmu-mir-134,MIR-134,GUGACUG,MIMAT0000146,MIMAT0016985,chr12,109734145,109734205,+,Eutheria,Eutheria,,No,,,1.0,,,,,,,,,,,,,,,
Mmu-Mir-135-P1,mmu-mir-135a-1,MIR-135,AUGGCUU,MIMAT0000147,MIMAT0004531,chr9,106154140,106154199,+,Gnathostomata,Chordata,,No,,,1.0,,,,,,,,,,,,,,,
Mmu-Mir-135-P2,mmu-mir-135a-2,MIR-135,AUGGCUU,MIMAT0000147,MIMAT0017064,chr10,92072104,92072163,-,Gnathostomata,Chordata,,No,,,1.0,,,,,,,,,,,,,,,
Mmu-Mir-135-P4,mmu-mir-135b,MIR-135,AUGGCUU,MIMAT0000612,MIMAT0017044,chr1,132198103,132198163,+,Gnathostomata,Chordata,,No,,,1.0,,,,,,,,,,,,,,,
Mmu-Mir-136 V,mmu-mir-136,MIR-136,CUCCAUU,MIMAT0000148,MIMAT0004532,chr12,109595331,109595386,+,Eutheria,Eutheria,2.0,No,1.0,,,,,,,,,,,,,,,,,
Mmu-Mir-137-P1 V,mmu-mir-137,MIR-137,UAUUGCU,MIMAT0016986,MIMAT0000149,chr3,118433865,118433923,+,Gnathostomata,Bilateria,2.0,No,,,1.0,,,,,,,,,,,,,,,
Mmu-Mir-138-P1,mmu-mir-138-1,MIR-138,GCUGGUG,MIMAT0000150,MIMAT0004668,chr9,122682898,122682958,+,Vertebrata,Vertebrata,,No,1.0,,1.0,,,,,,,,,,,,,,,
Mmu-Mir-138-P2,mmu-mir-138-2,MIR-138,GCUGGUG,MIMAT0000150,MIMAT0016987,chr8,94324312,94324379,+,Vertebrata,Vertebrata,,Yes,,,1.0,,,,,,,,,,,,,,,
Mmu-Mir-139,mmu-mir-139,MIR-139,CUACAGU,MIMAT0000656,MIMAT0004662,chr7,101475382,101475440,+,Gnathostomata,Gnathostomata,,No,,1.0,,,,,,,,,,,,,,,,
Mmu-Mir-140-P2 V,mmu-mir-140,MIR-140,CCACAGG,MIMAT0000151,MIMAT0000152,chr8,107551249,107551310,+,Gnathostomata,Vertebrata,2.0,No,,,1.0,,,,,,,,,,,,,,,
Mmu-Mir-142-P2 V,mmu-mir-142a,MIR-142,AUAAAGU,MIMAT0000154,MIMAT0000155,chr11,87756867,87756925,+,Gnathostomata,Vertebrata,4.0,No,,,1.0,,,,,,,,,,,,,,,
Mmu-Mir-143,mmu-mir-143,MIR-143,GAGAUGA,MIMAT0017006,MIMAT0000247,chr18,61649199,61649253,-,Vertebrata,Vertebrata,,Yes,,,,,,,,,,,,,,,,,,
Mmu-Mir-144 V,mmu-mir-144,MIR-144,GAUAUCA,MIMAT0016988,MIMAT0000156,chr11,78073010,78073067,+,Vertebrata,Vertebrata,2.0,No,,,1.0,,,,,,,,,,,,,,,
Mmu-Mir-145,mmu-mir-145a,MIR-145,UCCAGUU,MIMAT0000157,MIMAT0004534,chr18,61647829,61647888,-,Vertebrata,Vertebrata,,Yes,,,1.0,,,,,,,,,,,,,,,
Mmu-Mir-146-P1,mmu-mir-146b,MIR-146,GAGAACU,MIMAT0003475,MIMAT0004826,chr19,46342790,46342849,+,Gnathostomata,Vertebrata,,No,1.0,,1.0,,,,,,,,,,,,,,,
Mmu-Mir-146-P4,mmu-mir-146a,MIR-146,GAGAACU,MIMAT0000158,MIMAT0016989,chr11,43374399,43374456,-,Gnathostomata,Vertebrata,,No,1.0,,1.0,,,,,,,,,,,,,,,
Mmu-Mir-147,mmu-mir-147,MIR-147,UGUGCGG,MIMAT0017269,MIMAT0004857,chr2,122640813,122640871,+,Vertebrata,Vertebrata,,No,,,1.0,,,,,,,,,,,,,,,
Mmu-Mir-148-P1,mmu-mir-148a,MIR-148,CAGUGCA,MIMAT0004617,MIMAT0000516,chr6,51269829,51269888,-,Gnathostomata,Vertebrata,,No,1.0,,1.0,,,,,,,,,,,,,,,
Mmu-Mir-148-P3,mmu-mir-152,MIR-148,CAGUGCA,MIMAT0016991,MIMAT0000162,chr11,96850400,96850460,+,Gnathostomata,Vertebrata,,No,,,1.0,,,,,,,,,,,,,,,
Mmu-Mir-148-P4,mmu-mir-148b,MIR-148,CAGUGCA,MIMAT0017036,MIMAT0000580,chr15,103285148,103285206,+,Gnathostomata,Vertebrata,,No,,1.0,1.0,,,,,,,,,,,,,,,
Mmu-Mir-149,mmu-mir-149,MIR-149,CUGGCUC,MIMAT0000159,MIMAT0016990,chr1,92850381,92850442,+,Eutheria,Eutheria,,No,,1.0,,,,,,,,,,,,,,,,
Mmu-Mir-150,mmu-mir-150,MIR-150,CUCCCAA,MIMAT0000160,MIMAT0004535,chr7,45121762,45121818,+,Gnathostomata,Gnathostomata,,No,,,1.0,,,,,,,,,,,,,,,
Mmu-Mir-151,mmu-mir-151,MIR-151,CGAGGAG,MIMAT0004536,MIMAT0000161,chr15,73254820,73254875,-,Eutheria,Eutheria,,No,,1.0,1.0,,,,,,,,,,,,,,,
Mmu-Mir-153-P1,mmu-mir-153,MIR-153,UGCAUAG,MIMAT0016992,MIMAT0000163,chr12,117250821,117250881,+,Gnathostomata,Bilateria,,No,,,1.0,,,,,,,,,,,,,,,
Mmu-Mir-154-P1,mmu-mir-379,MIR-154,GGUAGAC,MIMAT0000743,MIMAT0017080,chr12,109709065,109709122,+,Eutheria,Eutheria,,No,,,1.0,,,,,,,,,,,,,,,
Mmu-Mir-154-P2 V,mmu-mir-411,MIR-154,AGUAGAC,MIMAT0004747,MIMAT0001093,chr12,109710190,109710245,+,Eutheria,Eutheria,2.0,No,,,1.0,,,,,,,,,,,,,,,
Mmu-Mir-154-P3 V,mmu-mir-299a,MIR-154,AUGUGGG,MIMAT0000377,MIMAT0004577,chr12,109710643,109710697,+,Eutheria,Eutheria,2.0,No,,,,,,,,,,,,,,,,,,
Mmu-Mir-154-P4,mmu-mir-380,MIR-154,AUGUAGU,MIMAT0000744,MIMAT0000745,chr12,109711806,109711862,+,Eutheria,Eutheria,,No,1.0,,,,,,,,,,,,,,,,,
Mmu-Mir-154-P5,mmu-mir-1197,MIR-154,AGGACAC,MIMAT0017331,MIMAT0005858,chr12,109712361,109712416,+,Eutheria,Eutheria,,No,,,1.0,,,,,,,,,,,,,,,
Mmu-Mir-154-P6a V,mmu-mir-323,MIR-154,ACAUUAC,MIMAT0004638,MIMAT0000551,chr12,109712523,109712578,+,Eutheria,Eutheria,2.0,No,1.0,,1.0,,,,,,,,,,,,,,,
Mmu-Mir-154-P7,mmu-mir-758,MIR-154,UUGUGAC,MIMAT0017235,MIMAT0003889,chr12,109712823,109712880,+,Eutheria,Eutheria,,No,,,,,,,,,,,,,,,,,,
Mmu-Mir-154-P8-o1,mmu-mir-329,MIR-154,GAGGUUU,MIMAT0017032,MIMAT0000567,chr12,109713503,109713562,+,Glires,Eutheria,,No,,,1.0,,,,,,,,,,,,,,,
Mmu-Mir-154-P9,mmu-mir-494,MIR-154,GAAACAU,MIMAT0017215,MIMAT0003182,chr12,109715334,109715389,+,Eutheria,Eutheria,,No,,,1.0,,,,,,,,,,,,,,,
Mmu-Mir-154-P10 V,mmu-mir-1193,MIR-154,UGGUAGA,MIMAT0017329,MIMAT0005851,chr12,109715715,109715771,+,Eutheria,Eutheria,2.0,No,,,,,,,,,,,,,,,,,,
Mmu-Mir-154-P11,mmu-mir-543,MIR-154,AACAUUC,MIMAT0017207,MIMAT0003168,chr12,109717268,109717325,+,Eutheria,Eutheria,,No,,,1.0,,,,,,,,,,,,,,,
Mmu-Mir-154-P12,mmu-mir-495,MIR-154,AACAAAC,MIMAT0017249,MIMAT0003456,chr12,109718757,109718816,+,Eutheria,Eutheria,,No,,,1.0,,,,,,,,,,,,,,,
Mmu-Mir-154-P15,mmu-mir-300,MIR-154,AUGCAAG,MIMAT0004578,MIMAT0000378,chr12,109724322,109724384,+,Eutheria,Eutheria,,No,,,,,,,,,,,,,,,,,,
Mmu-Mir-154-P17,mmu-mir-381,MIR-154,AUACAAG,MIMAT0017081,MIMAT0000746,chr12,109726829,109726891,+,Eutheria,Eutheria,,No,1.0,,,,,,,,,,,,,,,,,
Mmu-Mir-154-P18,mmu-mir-487b,MIR-154,AUCGUAC,MIMAT0017216,MIMAT0003184,chr12,109727346,109727403,+,Eutheria,Eutheria,,No,,,,,,,,,,,,,,,,,,
Mmu-Mir-154-P19,mmu-mir-539,MIR-154,GAGAAAU,MIMAT0003169,MIMAT0017208,chr12,109728136,109728197,+,Eutheria,Eutheria,,No,1.0,,,,,,,,,,,,,,,,,
Mmu-Mir-154-P24,mmu-mir-382,MIR-154,AAGUUGU,MIMAT0000747,MIMAT0004691,chr12,109733781,109733838,+,Eutheria,Eutheria,,No,,,1.0,,,,,,,,,,,,,,,
Mmu-Mir-154-P25,mmu-mir-485,MIR-154,GAGGCUG,MIMAT0003128,MIMAT0003129,chr12,109734910,109734968,+,Eutheria,Eutheria,,No,1.0,,1.0,,,,,,,,,,,,,,,
Mmu-Mir-154-P26,mmu-mir-154,MIR-154,AGGUUAU,MIMAT0000164,MIMAT0004537,chr12,109738438,109738495,+,Eutheria,Eutheria,,No,,,1.0,,,,,,,,,,,,,,,
Mmu-Mir-154-P28 V,mmu-mir-496a,MIR-154,GAGUAUU,MIMAT0017244,MIMAT0003738,chr12,109739133,109739186,+,Eutheria,Eutheria,2.0,No,,,1.0,,,,,,,,,,,,,,,
Mmu-Mir-154-P29,mmu-mir-377,MIR-154,GAGGUUG,MIMAT0017079,MIMAT0000741,chr12,109740515,109740574,+,Eutheria,Eutheria,,No,,,,,,,,,,,,,,,,,,
Mmu-Mir-154-P30,mmu-mir-409,MIR-154,GGUUACC,MIMAT0004746,MIMAT0001090,chr12,109743172,109743225,+,Eutheria,Eutheria,,No,1.0,,1.0,,,,,,,,,,,,,,,
Mmu-Mir-154-P31,mmu-mir-412,MIR-154,GGUCGAC,MIMAT0017173,MIMAT0001094,chr12,109743303,109743358,+,Eutheria,Eutheria,,No,,1.0,,,,,,,,,,,,,,,,
Mmu-Mir-154-P32,mmu-mir-369,MIR-154,GAUCGAC,MIMAT0003185,MIMAT0003186,chr12,109743431,109743486,+,Eutheria,Eutheria,,No,1.0,,1.0,,,,,,,,,,,,,,,
Mmu-Mir-154-P33,mmu-mir-410,MIR-154,AUAUAAC,MIMAT0017172,MIMAT0001091,chr12,109743729,109743784,+,Eutheria,Eutheria,,No,,,1.0,,,,,,,,,,,,,,,
Mmu-Mir-155,mmu-mir-155,MIR-155,UAAUGCU,MIMAT0000165,MIMAT0016993,chr16,84714143,84714203,+,Vertebrata,Vertebrata,,No,,,,,,,,,,,,,,,,,,
Mmu-Mir-181-P1a,mmu-mir-181a-1,MIR-181,ACAUUCA,MIMAT0000210,MIMAT0000660,chr1,137966468,137966529,+,Gnathostomata,Vertebrata,,No,,,1.0,,,,,,,,,,,,,,,
Mmu-Mir-181-P1b,mmu-mir-181a-2,MIR-181,ACAUUCA,MIMAT0000210,MIMAT0005443,chr2,38852741,38852806,+,Gnathostomata,Vertebrata,,No,,,1.0,,,,,,,,,,,,,,,
Mmu-Mir-181-P1c,mmu-mir-181c,MIR-181,ACAUUCA,MIMAT0000674,MIMAT0017068,chr8,84178885,84178945,-,Gnathostomata,Vertebrata,,No,,,1.0,,,,,,,,,,,,,,,
Mmu-Mir-181-P2a,mmu-mir-181b-1,MIR-181,ACAUUCA,MIMAT0000673,MIMAT0017067,chr1,137966650,137966710,+,Gnathostomata,Vertebrata,,Yes,,,,,,,,,,,,,,,,,,
Mmu-Mir-181-P2b,mmu-mir-181b-2,MIR-181,ACAUUCA,MIMAT0000673,MIMAT0017084,chr2,38853845,38853904,+,Gnathostomata,Vertebrata,,No,1.0,,,,,,,,,,,,,,,,,
Mmu-Mir-181-P2c,mmu-mir-181d,MIR-181,ACAUUCA,MIMAT0004324,MIMAT0017264,chr8,84178720,84178781,-,Gnathostomata,Vertebrata,,Yes,,1.0,1.0,,,,,,,,,,,,,,,
Mmu-Mir-184,mmu-mir-184,MIR-184,GGACGGA,MIMAT0022690,MIMAT0000213,chr9,89802263,89802323,-,Nephrozoa,Nephrozoa,,No,1.0,,1.0,,,,,,,,,,,,,,,
Mmu-Mir-185,mmu-mir-185,MIR-185,GGAGAGA,MIMAT0000214,MIMAT0016996,chr16,18327405,18327459,-,Eutheria,Eutheria,,No,,,1.0,,,,,,,,,,,,,,,
Mmu-Mir-186,mmu-mir-186,MIR-186,AAAGAAU,MIMAT0000215,MIMAT0004540,chr3,157544285,157544345,+,Mammalia,Mammalia,,No,1.0,,1.0,,,,,,,,,,,,,,,
Mmu-Mir-187,mmu-mir-187,MIR-187,CGUGUCU,MIMAT0016997,MIMAT0000216,chr18,24429110,24429167,-,Osteichthyes,Osteichthyes,,Yes,,,1.0,,,,,,,,,,,,,,,
Mmu-Mir-188-P1,mmu-mir-532,MIR-188,AUGCCUU,MIMAT0002889,MIMAT0004781,chrX,7248419,7248477,-,Eutheria,Eutheria,,No,1.0,,1.0,,,,,,,,,,,,,,,
Mmu-Mir-188-P2,mmu-mir-188,MIR-188,AUCCCUU,MIMAT0000217,MIMAT0004541,chrX,7247992,7248051,-,Eutheria,Eutheria,,No,1.0,,,,,,,,,,,,,,,,,
Mmu-Mir-190-P1,mmu-mir-190a,MIR-190,GAUAUGU,MIMAT0000220,MIMAT0016998,chr9,67236663,67236721,-,Gnathostomata,Bilateria,,No,1.0,,1.0,,,,,,,,,,,,,,,
Mmu-Mir-190-P3,mmu-mir-190b,MIR-190,GAUAUGU,MIMAT0004852,MIMAT0017267,chr3,90070030,90070089,+,Gnathostomata,Bilateria,,No,1.0,,,,,,,,,,,,,,,,,
Mmu-Mir-191,mmu-mir-191,MIR-191,AACGGAA,MIMAT0000221,MIMAT0004542,chr9,108568325,108568388,+,Gnathostomata,Gnathostomata,,No,,,1.0,,,,,,,,,,,,,,,
Mmu-Mir-192-P2,mmu-mir-215,MIR-192,UGACCUA,MIMAT0000904,MIMAT0017169,chr1,185313610,185313668,+,Vertebrata,Vertebrata,,No,,1.0,1.0,,,,,,,,,,,,,,,
Mmu-Mir-192-P4,mmu-mir-192,MIR-192,UGACCUA,MIMAT0000517,MIMAT0017012,chr19,6264857,6264921,+,Vertebrata,Vertebrata,,Yes,,,,,,,,,,,,,,,,,,
Mmu-Mir-193-P1a,mmu-mir-193b,MIR-193,ACUGGCC,MIMAT0017271,MIMAT0004859,chr16,13449533,13449591,+,Vertebrata,Bilateria,,No,,,1.0,,,,,,,,,,,,,,,
Mmu-Mir-193-P1b,mmu-mir-193a,MIR-193,ACUGGCC,MIMAT0004544,MIMAT0000223,chr11,79711975,79712030,+,Vertebrata,Bilateria,,No,,,1.0,,,,,,,,,,,,,,,
Mmu-Mir-193-P2a,mmu-mir-365-1,MIR-193,AAUGCCC,MIMAT0017077,MIMAT0000711,chr16,13453855,13453915,+,Vertebrata,Bilateria,,Yes,,,1.0,,,,,,,,,,,,,,,
Mmu-Mir-193-P2b,mmu-mir-365-2,MIR-193,AAUGCCC,MIMAT0017179,MIMAT0000711,chr11,79726427,79726488,+,Vertebrata,Bilateria,,No,,,1.0,,,,,,,,,,,,,,,
Mmu-Mir-194-P2,mmu-mir-194-1,MIR-194,GUAACAG,MIMAT0000224,MIMAT0016999,chr1,185313325,185313381,+,Vertebrata,Vertebrata,,No,,1.0,1.0,,,,,,,,,,,,,,,
Mmu-Mir-194-P4,mmu-mir-194-2,MIR-194,GUAACAG,MIMAT0000224,MIMAT0017073,chr19,6264658,6264715,+,Vertebrata,Vertebrata,,No,1.0,1.0,1.0,,,,,,,,,,,,,,,
Mmu-Mir-196-P1,mmu-mir-196b,MIR-196,AGGUAGU,MIMAT0001081,MIMAT0017170,chr6,52230093,52230150,-,Gnathostomata,Olfactores,,No,,,1.0,,,,,,,,,,,,,,,
Mmu-Mir-196-P3,mmu-mir-196a-1,MIR-196,AGGUAGU,MIMAT0000518,MIMAT0017013,chr11,96265187,96265246,+,Gnathostomata,Olfactores,,No,,,1.0,,,,,,,,,,,,,,,
Mmu-Mir-196-P4,mmu-mir-196a-2,MIR-196,AGGUAGU,MIMAT0000518,MIMAT0004618,chr15,102973365,102973423,+,Gnathostomata,Olfactores,,No,,,1.0,,,,,,,,,,,,,,,
Mmu-Mir-199-P1 V,mmu-mir-199a-2,MIR-199,CAGUAGU,MIMAT0000229,MIMAT0000230,chr1,162217844,162217904,+,Gnathostomata,Vertebrata,3.0,No,,,1.0,,,,,,,,,,,,,,,
Mmu-Mir-199-P2 V,mmu-mir-199b,MIR-199,CAGUAGU,MIMAT0000672,MIMAT0004667,chr2,32318485,32318545,+,Gnathostomata,Vertebrata,3.0,No,,,,,,,,,,,,,,,,,,
Mmu-Mir-199-P3 V,mmu-mir-199a-1,MIR-199,CAGUAGU,MIMAT0000229,MIMAT0000230,chr9,21496498,21496559,-,Gnathostomata,Vertebrata,3.0,No,,,1.0,,,,,,,,,,,,,,,
Mmu-Mir-202,mmu-mir-202,MIR-202,UCCUAUG,MIMAT0004546,MIMAT0000235,chr7,139957695,139957752,-,Vertebrata,Vertebrata,,No,,1.0,1.0,,,,,,,,,,,,,,,
Mmu-Mir-203 V,mmu-mir-203,MIR-203,UGAAAUG,MIMAT0004547,MIMAT0000236,chr12,112130889,112130948,+,Vertebrata,Vertebrata,2.0,No,,,1.0,,,,,,,,,,,,,,,
Mmu-Mir-204-P1,mmu-mir-211,MIR-204,UCCCUUU,MIMAT0000668,MIMAT0017059,chr7,64205831,64205888,+,Gnathostomata,Vertebrata,,No,1.0,,1.0,,,,,,,,,,,,,,,
Mmu-Mir-204-P2,mmu-mir-204,MIR-204,UCCCUUU,MIMAT0000237,MIMAT0017002,chr19,22750610,22750669,+,Gnathostomata,Vertebrata,,No,1.0,,1.0,,,,,,,,,,,,,,,
Mmu-Mir-205-P4,mmu-mir-205,MIR-205,CCUUCAU,MIMAT0000238,MIMAT0017003,chr1,193507467,193507524,-,Gnathostomata,Vertebrata,,No,,,1.0,,,,,,,,,,,,,,,
Mmu-Mir-208-P1 V,mmu-mir-208b,MIR-208,UAAGACG,MIMAT0017280,MIMAT0004939,chr14,54975710,54975766,-,Vertebrata,Vertebrata,2.0,No,1.0,,1.0,,,,,,,,,,,,,,,
Mmu-Mir-208-P2,mmu-mir-208a,MIR-208,UAAGACG,MIMAT0017014,MIMAT0000520,chr14,54949072,54949128,-,Vertebrata,Vertebrata,,No,,,1.0,,,,,,,,,,,,,,,
Mmu-Mir-210,mmu-mir-210,MIR-210,UGUGCGU,MIMAT0017052,MIMAT0000658,chr7,141221407,141221466,-,Bilateria,Bilateria,,No,,,,,,,,,,,,,,,,,,
Mmu-Mir-214 V,mmu-mir-214,MIR-214,CAGCAGG,MIMAT0004664,MIMAT0000661,chr1,162223397,162223459,+,Gnathostomata,Gnathostomata,2.0,No,,,,,,,,,,,,,,,,,,
Mmu-Mir-216-P2a,mmu-mir-216b,MIR-216,AAUCUCU,MIMAT0003729,MIMAT0017233,chr11,28746204,28746265,+,Vertebrata,Nephrozoa,,No,,1.0,,,,,,,,,,,,,,,,
Mmu-Mir-216-P2b,mmu-mir-216a,MIR-216,AAUCUCA,MIMAT0000662,MIMAT0017054,chr11,28757018,28757079,+,Vertebrata,Nephrozoa,,No,,,,,,,,,,,,,,,,,,
Mmu-Mir-217 V,mmu-mir-217,MIR-217,ACUGCAU,MIMAT0000679,MIMAT0017072,chr11,28763761,28763819,+,Chordata,Chordata,2.0,No,,,1.0,,,,,,,,,,,,,,,
Mmu-Mir-218-P2,mmu-mir-218-1,MIR-218,UGUGCUU,MIMAT0000663,MIMAT0004665,chr5,48223966,48224029,+,Gnathostomata,Vertebrata,,No,,,1.0,,,,,,,,,,,,,,,
Mmu-Mir-218-P4,mmu-mir-218-2,MIR-218,UGUGCUU,MIMAT0000663,MIMAT0005444,chr11,35616840,35616903,+,Gnathostomata,Vertebrata,,No,,,1.0,,,,,,,,,,,,,,,
Mmu-Mir-219-P2,mmu-mir-219a-2,MIR-219,GAUUGUC,MIMAT0000664,MIMAT0022841,chr2,29845645,29845709,-,Gnathostomata,Bilateria,,No,,,1.0,,,,,,,,,,,,,,,
Mmu-Mir-219-P2-as,mmu-mir-219b,MIR-219,GAAUUGC,MIMAT0029806,MIMAT0029807,chr2,29845647,29845711,+,Eutheria,Bilateria,,No,,,,,,,,,,,,,,,,,,
Mmu-Mir-219-P3,mmu-mir-219a-1,MIR-219,GAUUGUC,MIMAT0000664,MIMAT0017055,chr17,34025010,34025072,-,Gnathostomata,Bilateria,,No,,,1.0,,,,,,,,,,,,,,,
Mmu-Mir-219-P3-as,mmu-mir-219c,MIR-219,GACGUCC,MIMAT0029892,MIMAT0029893,chr17,34025012,34025073,+,M. musculus,Bilateria,,No,,,,,,,,,,,,,,,,,,
Mmu-Mir-221-P1a,mmu-mir-222,MIR-221,GCUACAU,MIMAT0017061,MIMAT0000670,chrX,19146900,19146963,-,Gnathostomata,Vertebrata,,No,,1.0,1.0,,,,,,,,,,,,,,,
Mmu-Mir-221-P2a,mmu-mir-221,MIR-221,GCUACAU,MIMAT0017060,MIMAT0000669,chrX,19146307,19146369,-,Gnathostomata,Vertebrata,,No,,,,,,,,,,,,,,,,,,
Mmu-Mir-223,mmu-mir-223,MIR-223,GUCAGUU,MIMAT0017056,MIMAT0000665,chrX,96242842,96242906,+,Vertebrata,Vertebrata,,No,,,1.0,,,,,,,,,,,,,,,
Mmu-Mir-224,mmu-mir-224,MIR-224,AAGUCAC,MIMAT0000671,MIMAT0017062,chrX,72261036,72261105,-,Eutheria,Eutheria,,No,,,1.0,,,,,,,,,,,,,,,
Mmu-Mir-296,mmu-mir-296,MIR-296,GGGCCCC,MIMAT0000374,MIMAT0004576,chr2,174267058,174267113,-,Eutheria,Eutheria,,No,,1.0,1.0,,,,,,,,,,,,,,,
Mmu-Mir-298,mmu-mir-298,MIR-298,GCAGAGG,MIMAT0000376,MIMAT0017007,chr2,174267511,174267575,-,Muridae,Muridae,,No,,,1.0,,,,,,,,,,,,,,,
Mmu-Mir-320,mmu-mir-320,MIR-320,AAAGCUG,MIMAT0017057,MIMAT0000666,chr14,70443525,70443578,+,Eutheria,Eutheria,,No,,,,,,,,,,,,,,,,,,
Mmu-Mir-324,mmu-mir-324,MIR-324,GCAUCCC,MIMAT0000555,MIMAT0000556,chr11,70012060,70012116,+,Eutheria,Eutheria,,No,1.0,,1.0,,,,,,,,,,,,,,,
Mmu-Mir-325,mmu-mir-325,MIR-325,CUAGUAG,MIMAT0000558,MIMAT0004640,chrX,105379105,105379164,-,Theria,Theria,,No,,,,,,,,,,,,,,,,,,
Mmu-Mir-326,mmu-mir-326,MIR-326,CUCUGGG,MIMAT0017027,MIMAT0000559,chr7,99552288,99552347,+,Eutheria,Eutheria,,Yes,,,1.0,,,,,,,,,,,,,,,
Mmu-Mir-328,mmu-mir-328,MIR-328,UGGCCCU,MIMAT0017030,MIMAT0000565,chr8,105308380,105308440,-,Eutheria,Eutheria,,Yes,,,,,,,,,,,,,,,,,,
Mmu-Mir-330 V,mmu-mir-330,MIR-330,AAAGCAC,MIMAT0004642,MIMAT0000569,chr7,19181486,19181549,+,Eutheria,Eutheria,2.0,No,1.0,,,,,,,,,,,,,,,,,
Mmu-Mir-331,mmu-mir-331,MIR-331,CCCCUGG,MIMAT0004643,MIMAT0000571,chr10,93963783,93963838,-,Eutheria,Eutheria,,No,1.0,,1.0,,,,,,,,,,,,,,,
Mmu-Mir-335,mmu-mir-335,MIR-335,CAAGAGC,MIMAT0000766,MIMAT0004704,chr6,30741314,30741375,+,Eutheria,Eutheria,,No,,,,,,,,,,,,,,,,,,
Mmu-Mir-337,mmu-mir-337,MIR-337,GGCGUCA,MIMAT0004644,MIMAT0000578,chr12,109585818,109585871,+,Eutheria,Eutheria,,No,,,1.0,,,,,,,,,,,,,,,
Mmu-Mir-337-as,mmu-mir-3544,MIR-337,GAAAGGC,MIMAT0022353,MIMAT0022354,chr12,109585813,109585873,-,Euarchontoglires,Eutheria,,No,,,1.0,,,,,,,,,,,,,,,
Mmu-Mir-338-P2,mmu-mir-338,MIR-338,CCAGCAU,MIMAT0004647,MIMAT0000582,chr11,120014780,120014837,-,Vertebrata,Vertebrata,,No,,,1.0,,,,,,,,,,,,,,,
Mmu-Mir-338-P2-as,mmu-mir-3065,MIR-338,CAACAAA,MIMAT0014836,MIMAT0014837,chr11,120014780,120014841,+,Amniota,Vertebrata,,Yes,,,,,,,,,,,,,,,,,,
Mmu-Mir-339,mmu-mir-339,MIR-339,CCCUGUC,MIMAT0000584,MIMAT0004649,chr5,139369673,139369730,-,Eutheria,Eutheria,,No,,,,,,,,,,,,,,,,,,
Mmu-Mir-340,mmu-mir-340,MIR-340,UAUAAAG,MIMAT0004651,MIMAT0000586,chr11,50069720,50069784,+,Eutheria,Eutheria,,No,1.0,,1.0,,,,,,,,,,,,,,,
Mmu-Mir-342,mmu-mir-342,MIR-342,CUCACAC,MIMAT0004653,MIMAT0000590,chr12,108658638,108658704,+,Eutheria,Eutheria,,No,,,1.0,,,,,,,,,,,,,,,
Mmu-Mir-345 V,mmu-mir-345,MIR-345,CCUGAAC,MIMAT0000595,MIMAT0004656,chr12,108836988,108837046,+,Eutheria,Eutheria,2.0,Yes,,1.0,1.0,,,,,,,,,,,,,,,
Mmu-Mir-346,mmu-mir-346,MIR-346,GUCUGCC,MIMAT0000597,MIMAT0017039,chr14,34894624,34894683,+,Eutheria,Eutheria,,No,,,1.0,,,,,,,,,,,,,,,
Mmu-Mir-350,mmu-mir-350,MIR-350,UCACAAA,MIMAT0017040,MIMAT0000605,chr1,176772340,176772400,-,Eutheria,Eutheria,,No,,1.0,1.0,,,,,,,,,,,,,,,
Mmu-Mir-351,mmu-mir-351,MIR-351,CCCUGAG,MIMAT0000609,MIMAT0017042,chrX,53053276,53053338,-,Muridae,Muridae,,No,,,1.0,,,,,,,,,,,,,,,
Mmu-Mir-361 V,mmu-mir-361,MIR-361,UAUCAGA,MIMAT0000704,MIMAT0017075,chrX,113074827,113074888,-,Eutheria,Eutheria,2.0,No,1.0,,1.0,,,,,,,,,,,,,,,
Mmu-Mir-362-P4,mmu-mir-362,MIR-362,AUCCUUG,MIMAT0000706,MIMAT0004684,chrX,7241984,7242042,-,Eutheria,Eutheria,,No,1.0,,1.0,,,,,,,,,,,,,,,
Mmu-Mir-362-P5,mmu-mir-501,MIR-362,AUGCACC,MIMAT0003508,MIMAT0003509,chrX,7241269,7241328,-,Eutheria,Eutheria,,No,1.0,,1.0,,,,,,,,,,,,,,,
Mmu-Mir-362-P6,mmu-mir-500,MIR-362,AUGCACC,MIMAT0017258,MIMAT0003507,chrX,7237694,7237754,-,Eutheria,Eutheria,,No,1.0,,1.0,,,,,,,,,,,,,,,
Mmu-Mir-370,mmu-mir-370,MIR-370,CCUGCUG,MIMAT0017174,MIMAT0001095,chr12,109618270,109618326,+,Boreoeutheria,Boreoeutheria,,No,,,1.0,,,,,,,,,,,,,,,
Mmu-Mir-374-P2,mmu-mir-374b,MIR-374,UAUAAUA,MIMAT0003727,MIMAT0003728,chrX,103573082,103573133,-,Eutheria,Eutheria,,No,,,,,,,,,,,,,,,,,,
Mmu-Mir-375,mmu-mir-375,MIR-375,UUGUUCG,MIMAT0017078,MIMAT0000739,chr1,74900661,74900717,-,Nephrozoa,Nephrozoa,,No,,,1.0,,,,,,,,,,,,,,,
Mmu-Mir-376-P2,mmu-mir-376c,MIR-376,ACAUAGA,MIMAT0005295,MIMAT0003183,chr12,109722733,109722790,+,Eutheria,Eutheria,,No,,,1.0,,,,,,,,,,,,,,,
Mmu-Mir-376-P4,mmu-mir-376b,MIR-376,UCAUAGA,MIMAT0003388,MIMAT0001092,chr12,109723471,109723528,+,Eutheria,Eutheria,,No,,,,,,,,,,,,,,,,,,
Mmu-Mir-376-P5,mmu-mir-376a,MIR-376,UCGUAGA,MIMAT0003387,MIMAT0000740,chr12,109723787,109723844,+,Eutheria,Eutheria,,No,,,1.0,,,,,,,,,,,,,,,
Mmu-Mir-378,mmu-mir-378a,MIR-378,CUGGACU,MIMAT0000742,MIMAT0003151,chr18,61397837,61397896,-,Eutheria,Eutheria,,No,,,1.0,,,,,,,,,,,,,,,
Mmu-Mir-383 V,mmu-mir-383,MIR-383,GAUCAGA,MIMAT0000748,MIMAT0017082,chr8,38252138,38252199,-,Tetrapoda,Tetrapoda,2.0,No,,,,,,,,,,,,,,,,,,
Mmu-Mir-384,mmu-mir-384,MIR-384,GUAAACA,MIMAT0004745,MIMAT0001076,chrX,105344292,105344354,-,Eutheria,Eutheria,,No,,,1.0,,,,,,,,,,,,,,,
Mmu-Mir-421-P2,mmu-mir-421,MIR-421,UCAACAG,MIMAT0017273,MIMAT0004869,chrX,103572930,103572986,-,Eutheria,Eutheria,,No,1.0,,,,,,,,,,,,,,,,,
Mmu-Mir-423,mmu-mir-423,MIR-423,GAGGGGC,MIMAT0004825,MIMAT0003454,chr11,77078086,77078144,-,Eutheria,Eutheria,,No,,,,,,,,,,,,,,,,,,
Mmu-Mir-425,mmu-mir-425,MIR-425,AUGACAC,MIMAT0004750,MIMAT0001342,chr9,108568789,108568851,+,Gnathostomata,Gnathostomata,,No,,,1.0,,,,,,,,,,,,,,,
Mmu-Mir-430-P1,mmu-mir-302b,MIR-430,AAGUGCU,MIMAT0003373,MIMAT0003374,chr3,127545238,127545297,+,Gnathostomata,Vertebrata,,No,,,,,,,,,,,,,,,,,,
Mmu-Mir-430-P2,mmu-mir-302c,MIR-430,AGUGCUU,MIMAT0003375,MIMAT0003376,chr3,127545368,127545427,+,Gnathostomata,Vertebrata,,No,1.0,1.0,1.0,,,,,,,,,,,,,,,
Mmu-Mir-430-P3,mmu-mir-302a,MIR-430,AAGUGCU,MIMAT0004579,MIMAT0000380,chr3,127545501,127545561,+,Gnathostomata,Vertebrata,,No,,,,,,,,,,,,,,,,,,
Mmu-Mir-430-P4,mmu-mir-302d,MIR-430,AAGUGCU,MIMAT0017225,MIMAT0003377,chr3,127545629,127545687,+,Gnathostomata,Vertebrata,,No,,1.0,1.0,,,,,,,,,,,,,,,
Mmu-Mir-430-P5a,mmu-mir-290a,MIR-430,CUCAAAC,MIMAT0000366,MIMAT0004572,chr7,3218639,3218697,+,Muridae,Vertebrata,,No,,,1.0,,,,,,,,,,,,,,,
Mmu-Mir-430-P5b,mmu-mir-292a,MIR-430,AAGUGCC,MIMAT0000369,MIMAT0000370,chr7,3219200,3219261,+,Muridae,Vertebrata,,No,,,,,,,,,,,,,,,,,,
Mmu-Mir-430-P5c,mmu-mir-293,MIR-430,GUGCCGC,MIMAT0004573,MIMAT0000371,chr7,3220356,3220411,+,Muridae,Vertebrata,,No,,,,,,,,,,,,,,,,,,
Mmu-Mir-430-P6,mmu-mir-295,MIR-430,AAGUGCU,MIMAT0004575,MIMAT0000373,chr7,3220779,3220837,+,Eutheria,Vertebrata,,No,,,,,,,,,,,,,,,,,,
Mmu-Mir-430-P7a,mmu-mir-291a,MIR-430,AUCAAAG,MIMAT0000367,MIMAT0000368,chr7,3218932,3218989,+,Muridae,Vertebrata,,No,,,1.0,,,,,,,,,,,,,,,
Mmu-Mir-430-P7b,mmu-mir-291b,MIR-430,AUCAAAG,MIMAT0003189,MIMAT0003190,chr7,3219494,3219550,+,Muridae,Vertebrata,,No,,,1.0,,,,,,,,,,,,,,,
Mmu-Mir-430-P7c,mmu-mir-294,MIR-430,AAGUGCU,MIMAT0004574,MIMAT0000372,chr7,3220655,3220712,+,Muridae,Vertebrata,,No,,,1.0,,,,,,,,,,,,,,,
Mmu-Mir-431,mmu-mir-431,MIR-431,GUCUUGC,MIMAT0001418,MIMAT0004753,chr12,109590459,109590522,+,Eutheria,Eutheria,,Yes,,,1.0,,,,,,,,,,,,,,,
Mmu-Mir-433,mmu-mir-433,MIR-433,UCAUGAU,MIMAT0001419,MIMAT0001420,chr12,109591729,109591802,+,Eutheria,Eutheria,,No,1.0,,1.0,,,,,,,,,,,,,,,
Mmu-Mir-434,mmu-mir-434,MIR-434,UUGAACC,MIMAT0001421,MIMAT0001422,chr12,109594527,109594586,+,Muridae,Muridae,,No,1.0,,,,,,,,,,,,,,,,,
Mmu-Mir-448,mmu-mir-448,MIR-448,UGCAUAU,MIMAT0017176,MIMAT0001533,chrX,147158221,147158300,+,Eutheria,Eutheria,,Yes,1.0,,1.0,,,,,,,,,,,,,,,
Mmu-Mir-450-P1,mmu-mir-450a-2,MIR-450,UUUGCGA,MIMAT0001546,MIMAT0004789,chrX,53048304,53048360,-,Eutheria,Eutheria,,No,,,,,,,,,,,,,,,,,,
Mmu-Mir-450-P2,mmu-mir-450a-1,MIR-450,UUUGCGA,MIMAT0001546,MIMAT0017182,chrX,53048171,53048227,-,Eutheria,Eutheria,,No,,1.0,,,,,,,,,,,,,,,,
Mmu-Mir-450-P3,mmu-mir-450b,MIR-450,UUGGGAA,MIMAT0003511,MIMAT0003512,chrX,53048008,53048065,-,Eutheria,Eutheria,,No,,,,,,,,,,,,,,,,,,
Mmu-Mir-451,mmu-mir-451a,MIR-451,AACCGUU,MIMAT0001632,,chr11,78073186,78073227,+,Vertebrata,Vertebrata,,,1.0,,,,,,,,,,,,,,,,,
Mmu-Mir-452 V,mmu-mir-452,MIR-452,ACUGUUU,MIMAT0001637,MIMAT0017194,chrX,72262235,72262295,-,Eutheria,Eutheria,2.0,No,1.0,,1.0,,,,,,,,,,,,,,,
Mmu-Mir-455 V,mmu-mir-455,MIR-455,AUGUGCC,MIMAT0003485,MIMAT0003742,chr4,63256867,63256923,+,Vertebrata,Vertebrata,3.0,No,,,,,,,,,,,,,,,,,,
Mmu-Mir-459,mmu-mir-802,MIR-459,CAGUAAC,MIMAT0004188,MIMAT0017240,chr16,93369737,93369797,+,Vertebrata,Vertebrata,,No,,,1.0,,,,,,,,,,,,,,,
Mmu-Mir-483,mmu-mir-483,MIR-483,AGACGGG,MIMAT0004782,MIMAT0003120,chr7,142654930,142654989,-,Theria,Theria,,No,1.0,,1.0,,,,,,,,,,,,,,,
Mmu-Mir-484,mmu-mir-484,MIR-484,CAGGCUC,MIMAT0003127,,chr16,14159595,14159651,+,Eutheria,Eutheria,,No,,,,,,,,,,,,,,,,,,
Mmu-Mir-486,mmu-mir-486a,MIR-486,CCUGUAC,MIMAT0003130,MIMAT0017206,chr8,23142587,23142650,+,Eutheria,Eutheria,,No,,,1.0,,,,,,,,,,,,,,,
Mmu-Mir-488,mmu-mir-488,MIR-488,UGAAAGG,MIMAT0003449,MIMAT0003450,chr1,158505651,158505709,+,Eutheria,Eutheria,,Yes,1.0,,1.0,,,,,,,,,,,,,,,
Mmu-Mir-489,mmu-mir-489,MIR-489,AUGACAC,MIMAT0022704,MIMAT0003112,chr6,3721922,3721981,-,Osteichthyes,Osteichthyes,,No,,,1.0,,,,,,,,,,,,,,,
Mmu-Mir-490,mmu-mir-490,MIR-490,AACCUGG,MIMAT0017261,MIMAT0003780,chr6,36421763,36421822,+,Amniota,Amniota,,No,,,1.0,,,,,,,,,,,,,,,
Mmu-Mir-491,mmu-mir-491,MIR-491,GUGGGGA,MIMAT0003486,MIMAT0017255,chr4,88122057,88122112,+,Eutheria,Eutheria,,No,1.0,,,,,,,,,,,,,,,,,
Mmu-Mir-493,mmu-mir-493,MIR-493,UGUACAU,MIMAT0017276,MIMAT0004888,chr12,109580243,109580305,+,Eutheria,Eutheria,,No,1.0,,,,,,,,,,,,,,,,,
Mmu-Mir-499,mmu-mir-499,MIR-499,UAAGACU,MIMAT0003482,MIMAT0017254,chr2,155622893,155622951,+,Vertebrata,Vertebrata,,No,1.0,,1.0,,,,,,,,,,,,,,,
Mmu-Mir-504 V,mmu-mir-504,MIR-504,GACCCUG,MIMAT0004889,MIMAT0017277,chrX,59097668,59097726,-,Eutheria,Eutheria,2.0,No,,1.0,1.0,,,,,,,,,,,,,,,
Mmu-Mir-505 V,mmu-mir-505,MIR-505,GGAGCCA,MIMAT0017259,MIMAT0003513,chrX,60394415,60394473,-,Eutheria,Eutheria,2.0,No,,,,,,,,,,,,,,,,,,
Mmu-Mir-506-P2b,mmu-mir-547,MIR-506,UUGGUAC,MIMAT0017210,MIMAT0003173,chrX,67988383,67988440,-,Eutheria,Eutheria,,No,,,1.0,,,,,,,,,,,,,,,
Mmu-Mir-506-P4,mmu-mir-201,MIR-506,ACUCAGU,MIMAT0000234,MIMAT0017001,chrX,67988099,67988156,-,Eutheria,Eutheria,,No,1.0,,1.0,,,,,,,,,,,,,,,
Mmu-Mir-506-P11a,mmu-mir-465a,MIR-506,AUCAGGG,MIMAT0002106,MIMAT0004217,chrX,66839063,66839121,-,M. musculus,Eutheria,,No,1.0,,1.0,,,,,,,,,,,,,,,
Mmu-Mir-506-P11b1,mmu-mir-465b-1,MIR-506,AUCAGGG,MIMAT0004871,MIMAT0004872,chrX,66835774,66835832,-,M. musculus,Eutheria,,No,1.0,,,,,,,,,,,,,,,,,
Mmu-Mir-506-P11b2,mmu-mir-465b-2,MIR-506,AUCAGGG,MIMAT0004871,MIMAT0004872,chrX,66829212,66829270,-,M. musculus,Eutheria,,No,1.0,,,,,,,,,,,,,,,,,
Mmu-Mir-506-P11c1,mmu-mir-465c-1,MIR-506,AUCAGGG,MIMAT0004873,MIMAT0004874,chrX,66832527,66832587,-,M. musculus,Eutheria,,No,1.0,,1.0,,,,,,,,,,,,,,,
Mmu-Mir-506-P11c2,mmu-mir-465c-2,MIR-506,AUCAGGG,MIMAT0004873,MIMAT0004874,chrX,66825965,66826025,-,M. musculus,Eutheria,,No,1.0,,1.0,,,,,,,,,,,,,,,
Mmu-Mir-506-P11d,mmu-mir-465d,MIR-506,AUUUAGA,MIMAT0029880,MIMAT0029881,chrX,66822655,66822713,-,M. musculus,Eutheria,,No,1.0,,,,,,,,,,,,,,,,,
Mmu-Mir-506-P12,mmu-mir-470,MIR-506,UCUUGGA,MIMAT0002111,MIMAT0004760,chrX,66813961,66814017,-,M. musculus,Eutheria,,No,,,,,,,,,,,,,,,,,,
Mmu-Mir-506-P13,mmu-mir-871,MIR-506,GACUGGC,MIMAT0004841,MIMAT0017265,chrX,66810438,66810494,-,Muridae,Eutheria,,No,1.0,,1.0,,,,,,,,,,,,,,,
Mmu-Mir-506-P14,mmu-mir-881,MIR-506,ACUGUGU,MIMAT0004845,MIMAT0004846,chrX,66801954,66802011,-,Muridae,Eutheria,,No,1.0,,1.0,,,,,,,,,,,,,,,
Mmu-Mir-506-P15,mmu-mir-878,MIR-506,AUCUAGU,MIMAT0004932,MIMAT0004933,chrX,66801518,66801575,-,Muridae,Eutheria,,No,1.0,1.0,1.0,,,,,,,,,,,,,,,
Mmu-Mir-506-P16,mmu-mir-880,MIR-506,ACUCCAU,MIMAT0017266,MIMAT0004844,chrX,66800540,66800597,-,Muridae,Eutheria,,No,1.0,,1.0,,,,,,,,,,,,,,,
Mmu-Mir-506-P17,mmu-mir-463,MIR-506,ACCUAAU,MIMAT0002104,MIMAT0004758,chrX,66799235,66799294,-,Muridae,Eutheria,,No,,1.0,1.0,,,,,,,,,,,,,,,
Mmu-Mir-506-P18,mmu-mir-741,MIR-506,GAGAGAU,MIMAT0017262,MIMAT0004236,chrX,66796809,66796869,-,Muridae,Eutheria,,No,,,1.0,,,,,,,,,,,,,,,
Mmu-Mir-506-P19,mmu-mir-471,MIR-506,ACGUAGU,MIMAT0002112,MIMAT0017195,chrX,66792598,66792655,-,Muridae,Eutheria,,No,1.0,,1.0,,,,,,,,,,,,,,,
Mmu-Mir-506-P20,mmu-mir-883b,MIR-506,AACUGCA,MIMAT0004850,MIMAT0004851,chrX,66789899,66789957,-,M. musculus,Eutheria,,No,1.0,,,,,,,,,,,,,,,,,
Mmu-Mir-506-P21,mmu-mir-883a,MIR-506,AACUGCA,MIMAT0004848,MIMAT0004849,chrX,66780767,66780824,-,Muridae,Eutheria,,No,,,,,,,,,,,,,,,,,,
Mmu-Mir-506-P22,mmu-mir-742,MIR-506,AAAGCCA,MIMAT0004838,MIMAT0004237,chrX,66780376,66780432,-,Muridae,Eutheria,,No,,1.0,1.0,,,,,,,,,,,,,,,
Mmu-Mir-506-P23,mmu-mir-743b,MIR-506,AAGACAU,MIMAT0004839,MIMAT0004840,chrX,66777266,66777322,-,Muridae,Eutheria,,No,1.0,,1.0,,,,,,,,,,,,,,,
Mmu-Mir-506-P24,mmu-mir-743a,MIR-506,AAGACAC,MIMAT0017263,MIMAT0004238,chrX,66776760,66776815,-,Muridae,Eutheria,,No,1.0,,1.0,,,,,,,,,,,,,,,
Mmu-Mir-511,mmu-mir-511,MIR-511,AUGUGUA,MIMAT0004940,MIMAT0017281,chr2,14261012,14261072,+,Euarchontoglires,Euarchontoglires,,No,,,,,,,,,,,,,,,,,,
Mmu-Mir-540,mmu-mir-540,MIR-540,GGUCAGA,MIMAT0004786,MIMAT0003167,chr12,109586085,109586143,+,Muridae,Muridae,,No,,,1.0,,,,,,,,,,,,,,,
Mmu-Mir-541,mmu-mir-541,MIR-541,AGGGAUU,MIMAT0003170,MIMAT0017209,chr12,109742422,109742487,+,Eutheria,Eutheria,,No,1.0,,,,,,,,,,,,,,,,,
Mmu-Mir-542,mmu-mir-542,MIR-542,GUGACAG,MIMAT0003171,MIMAT0003172,chrX,53049414,53049474,-,Eutheria,Eutheria,,No,,,1.0,,,,,,,,,,,,,,,
Mmu-Mir-544,mmu-mir-544,MIR-544,CUUGUUA,MIMAT0017282,MIMAT0004941,chr12,109729335,109729391,+,Eutheria,Eutheria,,Yes,,,1.0,,,,,,,,,,,,,,,
Mmu-Mir-551-P2,mmu-mir-551b,MIR-551,CGACCCA,MIMAT0017236,MIMAT0003890,chr3,29416840,29416899,+,Vertebrata,Vertebrata,,Yes,,,1.0,,,,,,,,,,,,,,,
Mmu-Mir-574,mmu-mir-574,MIR-574,ACGCUCA,MIMAT0004893,MIMAT0004894,chr5,64970328,64970385,+,Eutheria,Eutheria,,No,1.0,,1.0,,,,,,,,,,,,,,,
Mmu-Mir-582 V,mmu-mir-582,MIR-582,UACAGUU,MIMAT0005291,MIMAT0005292,chr13,109324753,109324812,+,Eutheria,Eutheria,2.0,No,,,,,,,,,,,,,,,,,,
Mmu-Mir-592,mmu-mir-592,MIR-592,UGUGUCA,MIMAT0003730,MIMAT0017234,chr6,27936672,27936732,-,Eutheria,Eutheria,,No,,,1.0,,,,,,,,,,,,,,,
Mmu-Mir-598,mmu-mir-598,MIR-598,ACGUCAU,MIMAT0017283,MIMAT0004942,chr14,63727199,63727257,+,Eutheria,Eutheria,,No,1.0,,1.0,,,,,,,,,,,,,,,
Mmu-Mir-599,mmu-mir-599,MIR-599,UUGAUAA,,MIMAT0012772,chr15,35660844,35660902,-,Sarcopterygii,Sarcopterygii,,No,,,,,,,,,,,,,,,,,,
Mmu-Mir-615,mmu-mir-615,MIR-615,CCGAGCC,MIMAT0004837,MIMAT0003783,chr15,103014926,103014989,+,Eutheria,Eutheria,,No,,,1.0,,,,,,,,,,,,,,,
Mmu-Mir-652,mmu-mir-652,MIR-652,AUGGCGC,MIMAT0017260,MIMAT0003711,chrX,142739020,142739080,+,Eutheria,Eutheria,,Yes,,,1.0,,,,,,,,,,,,,,,
Mmu-Mir-653,mmu-mir-653,MIR-653,UGAAACA,MIMAT0004943,MIMAT0017284,chr6,3721314,3721372,-,Eutheria,Eutheria,,No,,,,,,,,,,,,,,,,,,
Mmu-Mir-666,mmu-mir-666,MIR-666,GCGGGCA,MIMAT0003737,MIMAT0004823,chr12,109717103,109717163,+,Muridae,Muridae,,No,,,1.0,,,,,,,,,,,,,,,
Mmu-Mir-667,mmu-mir-667,MIR-667,GACACCU,MIMAT0017239,MIMAT0003734,chr12,109720020,109720083,+,Muridae,Muridae,,No,,,1.0,,,,,,,,,,,,,,,
Mmu-Mir-670,mmu-mir-670,MIR-670,UUCCUCA,MIMAT0003736,MIMAT0017242,chr2,94261316,94261379,-,Eutheria,Eutheria,,No,,,1.0,,,,,,,,,,,,,,,
Mmu-Mir-671,mmu-mir-671,MIR-671,GGAAGCC,MIMAT0003731,MIMAT0004821,chr5,24592132,24592191,+,Theria,Theria,,No,,,,,,,,,,,,,,,,,,
Mmu-Mir-672,mmu-mir-672,MIR-672,GAGGUUG,MIMAT0003735,MIMAT0017241,chrX,104116191,104116250,-,Eutheria,Eutheria,,No,,,,,,,,,,,,,,,,,,
Mmu-Mir-673,mmu-mir-673,MIR-673,UCACAGC,MIMAT0003739,MIMAT0004824,chr12,109572004,109572066,+,Muridae,Muridae,,No,1.0,,1.0,,,,,,,,,,,,,,,
Mmu-Mir-674,mmu-mir-674,MIR-674,CACUGAG,MIMAT0003740,MIMAT0003741,chr2,117185151,117185207,+,Muridae,Muridae,,No,,,1.0,,,,,,,,,,,,,,,
Mmu-Mir-675,mmu-mir-675,MIR-675,UGUAUGC,MIMAT0003725,MIMAT0003726,chr7,142577078,142577133,-,Theria,Theria,,No,1.0,,,,,,,,,,,,,,,,,
Mmu-Mir-676,mmu-mir-676,MIR-676,CGUCCUG,MIMAT0003781,MIMAT0003782,chrX,100381114,100381172,+,Eutheria,Eutheria,,Yes,1.0,,1.0,,,,,,,,,,,,,,,
Mmu-Mir-700,mmu-mir-700,MIR-700,AAGGCUC,MIMAT0017256,MIMAT0003490,chr4,135416561,135416622,-,Muridae,Muridae,,No,,,1.0,,,,,,,,,,,,,,,
Mmu-Mir-701,mmu-mir-701,MIR-701,UAGCCGC,MIMAT0003491,MIMAT0017257,chr5,111004170,111004228,+,M. musculus,M. musculus,,No,,,1.0,,,,,,,,,,,,,,,
Mmu-Mir-708,mmu-mir-708,MIR-708,AGGAGCU,MIMAT0004828,MIMAT0003498,chr7,96249450,96249518,+,Eutheria,Eutheria,,No,1.0,,,,,,,,,,,,,,,,,
Mmu-Mir-744,mmu-mir-744,MIR-744,GCGGGGC,MIMAT0004187,MIMAT0004820,chr11,65734743,65734820,-,Eutheria,Eutheria,,Yes,1.0,,1.0,,,,,,,,,,,,,,,
Mmu-Mir-760,mmu-mir-760,MIR-760,GGCUCUG,MIMAT0017245,MIMAT0003898,chr3,122293614,122293671,-,Eutheria,Eutheria,,Yes,,,1.0,,,,,,,,,,,,,,,
Mmu-Mir-770,mmu-mir-770,MIR-770,UGGGCCU,MIMAT0004822,MIMAT0003891,chr12,109563710,109563765,+,Boreoeutheria,Boreoeutheria,,No,,,,,,,,,,,,,,,,,,
Mmu-Mir-872,mmu-mir-872,MIR-872,AGGUUAC,MIMAT0004934,MIMAT0004935,chr4,94665167,94665227,+,Boreoeutheria,Boreoeutheria,,No,1.0,,1.0,,,,,,,,,,,,,,,
Mmu-Mir-873 V,mmu-mir-873a,MIR-873,GCAGGAA,MIMAT0004936,MIMAT0017279,chr4,36668519,36668577,-,Mammalia,Mammalia,2.0,No,,,1.0,,,,,,,,,,,,,,,
Mmu-Mir-874,mmu-mir-874,MIR-874,UGCCCUG,MIMAT0017268,MIMAT0004853,chr13,58023134,58023191,-,Eutheria,Eutheria,,No,1.0,,1.0,,,,,,,,,,,,,,,
Mmu-Mir-875,mmu-mir-875,MIR-875,AUACCUC,MIMAT0004937,MIMAT0004938,chr15,35660981,35661037,-,Vertebrata,Vertebrata,,No,,,1.0,,,,,,,,,,,,,,,
Mmu-Mir-877,mmu-mir-877,MIR-877,UAGAGGA,MIMAT0004861,MIMAT0004862,chr17,35960730,35960814,-,Eutheria,Eutheria,,Yes,,,,,,,,,,,,,,,,,,
Mmu-Mir-879,mmu-mir-879,MIR-879,GAGGCUU,MIMAT0004842,MIMAT0004843,chr5,9375714,9375769,+,Muridae,Muridae,,No,,,,,,,,,,,,,,,,,,
Mmu-Mir-935 V,mmu-mir-935,MIR-935,AGUUACC,,MIMAT0035718,chr7,3415084,3415143,+,Eutheria,Eutheria,2.0,No,,,1.0,,,,,,,,,,,,,,,
Mmu-Mir-1198,mmu-mir-1198,MIR-1198,AUGUGUU,MIMAT0005859,MIMAT0017332,chrX,7807142,7807201,+,M. musculus,M. musculus,,No,1.0,,1.0,,,,,,,,,,,,,,,
Mmu-Mir-1247,mmu-mir-1247,MIR-1247,CCCGUCC,MIMAT0014800,MIMAT0014801,chr12,110278058,110278115,-,Eutheria,Eutheria,,No,,,1.0,,,,,,,,,,,,,,,
Mmu-Mir-1249,mmu-mir-1249,MIR-1249,CGCCCUU,MIMAT0014804,MIMAT0010560,chr15,84951545,84951603,-,Eutheria,Eutheria,,No,,,1.0,,,,,,,,,,,,,,,
Mmu-Mir-1251,mmu-mir-1251,MIR-1251,CUCUAGC,MIMAT0014824,MIMAT0014825,chr10,92137152,92137210,-,Theria,Theria,,Yes,,,,,,,,,,,,,,,,,,
Mmu-Mir-1264,mmu-mir-1264,MIR-1264,AAAUCUU,MIMAT0014802,MIMAT0014803,chrX,147010614,147010676,+,Eutheria,Eutheria,,No,,,,,,,,,,,,,,,,,,
Mmu-Mir-1271,,MIR-1271,UUGGCAC,,,chr13,54578152,54578210,+,Eutheria,Eutheria,,Unknown,,,,,,,,,,,,,,,,,,
Mmu-Mir-1298,mmu-mir-1298,MIR-1298,UCAUUCG,MIMAT0014809,MIMAT0014810,chrX,147064918,147064991,+,Eutheria,Eutheria,,No,1.0,,1.0,,,,,,,,,,,,,,,
Mmu-Mir-1306,mmu-mir-1306,MIR-1306,CACCUCC,MIMAT0019136,MIMAT0009411,chr16,18284248,18284308,-,Gnathostomata,Gnathostomata,,Yes,,1.0,1.0,,,,,,,,,,,,,,,
Mmu-Mir-1912,mmu-mir-1912,MIR-1912,ACAGAAC,MIMAT0014957,MIMAT0014958,chrX,147009456,147009514,+,Eutheria,Eutheria,,No,,,1.0,,,,,,,,,,,,,,,
Mmu-Mir-1929,mmu-mir-1929,MIR-1929,UCUAGGA,MIMAT0009392,MIMAT0022729,chr10,44359692,44359755,+,M. musculus,M. musculus,,No,,,,,,,,,,,,,,,,,,
Mmu-Mir-1930,mmu-mir-1930,MIR-1930,CCUCCAU,MIMAT0009393,MIMAT0017340,chr10,77641236,77641295,+,M. musculus,M. musculus,,No,,,,,,,,,,,,,,,,,,
Mmu-Mir-1933,mmu-mir-1933,MIR-1933,CAGGACC,MIMAT0009396,MIMAT0009397,chr11,21344599,21344664,-,M. musculus,M. musculus,,No,,1.0,1.0,,,,,,,,,,,,,,,
Mmu-Mir-1934,mmu-mir-1934,MIR-1934,GGAUGAC,MIMAT0009398,MIMAT0017341,chr11,69663055,69663113,+,M. musculus,M. musculus,,No,,,,,,,,,,,,,,,,,,
Mmu-Mir-1941 V,mmu-mir-1941,MIR-1941,AGGGAGA,MIMAT0009405,MIMAT0009406,chr15,101369363,101369423,+,M. musculus,M. musculus,2.0,No,,,,,,,,,,,,,,,,,,
Mmu-Mir-1943,mmu-mir-1943,MIR-1943,AGGGAGG,MIMAT0009408,MIMAT0017342,chr15,79375235,79375293,-,M. musculus,M. musculus,,No,,,1.0,,,,,,,,,,,,,,,
Mmu-Mir-1947,mmu-mir-1947,MIR-1947,GGACGAG,MIMAT0009413,MIMAT0017343,chr16,33105375,33105432,+,M. musculus,M. musculus,,No,,,,,,,,,,,,,,,,,,
Mmu-Mir-1948,mmu-mir-1948,MIR-1948,UUAGGCA,MIMAT0017344,MIMAT0009415,chr18,12714825,12714883,+,M. musculus,M. musculus,,No,,,,,,,,,,,,,,,,,,
Mmu-Mir-1953,mmu-mir-1953,MIR-1953,GGGAAAG,MIMAT0009424,,chr2,151967543,151967602,-,M. musculus,M. musculus,,No,,,,,,,,,,,,,,,,,,
Mmu-Mir-1955,mmu-mir-1955,MIR-1955,GUCCCAG,MIMAT0009426,MIMAT0017348,chr2,92191994,92192056,+,Muridae,Muridae,,No,,,,,,,,,,,,,,,,,,
Mmu-Mir-1958,mmu-mir-1958,MIR-1958,AGGAAAG,,MIMAT0009431,chr4,48213134,48213200,-,M. musculus,M. musculus,,No,,,,,,,,,,,,,,,,,,
Mmu-Mir-1960,mmu-mir-1960,MIR-1960,CAGUGCU,MIMAT0009433,,chr5,30170751,30170807,+,M. musculus,M. musculus,,No,,,,,,,,,,,,,,,,,,
Mmu-Mir-1962,mmu-mir-1962,MIR-1962,GAGGCUG,,MIMAT0009435,chr7,135566193,135566255,+,Muridae,Muridae,,No,,,1.0,,,,,,,,,,,,,,,
Mmu-Mir-1964,mmu-mir-1964,MIR-1964,CGACUUC,MIMAT0017349,MIMAT0009437,chr7,29773305,29773365,+,M. musculus,M. musculus,,No,,,1.0,,,,,,,,,,,,,,,
Mmu-Mir-3057,mmu-mir-3057,MIR-3057,UUGGAGC,MIMAT0014822,MIMAT0014823,chr10,81271610,81271675,+,M. musculus,M. musculus,,No,,,,,,,,,,,,,,,,,,
Mmu-Mir-3058,mmu-mir-3058,MIR-3058,CAGCCAC,MIMAT0014813,MIMAT0014814,chr10,95559243,95559308,-,M. musculus,M. musculus,,No,,,,,,,,,,,,,,,,,,
Mmu-Mir-3059,mmu-mir-3059,MIR-3059,UUCCUCU,MIMAT0014811,MIMAT0014812,chr10,101772704,101772761,+,Eutheria,Eutheria,,No,,,,,,,,,,,,,,,,,,
Mmu-Mir-3060,mmu-mir-3060,MIR-3060,CAUAGCA,MIMAT0014826,MIMAT0014827,chr11,4139377,4139434,+,M. musculus,M. musculus,,No,1.0,,1.0,,,,,,,,,,,,,,,
Mmu-Mir-3061,mmu-mir-3061,MIR-3061,AGUGGGC,MIMAT0014828,MIMAT0014829,chr11,52126759,52126825,+,M. musculus,M. musculus,,No,1.0,,,,,,,,,,,,,,,,,
Mmu-Mir-3066,mmu-mir-3066,MIR-3066,UGGUUGC,MIMAT0014838,MIMAT0014839,chr12,17355404,17355463,+,M. musculus,M. musculus,,No,,,1.0,,,,,,,,,,,,,,,
Mmu-Mir-3067,mmu-mir-3067,MIR-3067,GUUCUCA,MIMAT0014840,MIMAT0014841,chr12,81166165,81166224,+,M. musculus,M. musculus,,No,,,1.0,,,,,,,,,,,,,,,
Mmu-Mir-3068,mmu-mir-3068,MIR-3068,UGGAGUU,MIMAT0014842,MIMAT0014843,chr12,87437685,87437747,-,Muridae,Muridae,,No,,,,,,,,,,,,,,,,,,
Mmu-Mir-3072,mmu-mir-3072,MIR-3072,GCCCCCU,MIMAT0014852,MIMAT0014853,chr12,109747893,109747949,+,Muridae,Muridae,,No,,,,,,,,,,,,,,,,,,
Mmu-Mir-3073,mmu-mir-3073a,MIR-3073,UGAUGUC,MIMAT0014854,MIMAT0014855,chr12,112109252,112109311,+,M. musculus,M. musculus,,No,,,,,,,,,,,,,,,,,,
Mmu-Mir-3073-as,mmu-mir-3073b,MIR-3073,UGGUCAC,MIMAT0022375,MIMAT0022376,chr12,112109250,112109309,-,M. musculus,M. musculus,,No,1.0,,1.0,,,,,,,,,,,,,,,
Mmu-Mir-3075,mmu-mir-3075,MIR-3075,GUCUGGG,MIMAT0014858,MIMAT0014859,chr14,25534451,25534511,+,Muridae,Muridae,,No,,,,,,,,,,,,,,,,,,
Mmu-Mir-3079,mmu-mir-3079,MIR-3079,UUGAUCU,MIMAT0014866,MIMAT0014867,chr15,76290892,76290954,-,M. musculus,M. musculus,,No,,,,,,,,,,,,,,,,,,
Mmu-Mir-3080,mmu-mir-3080,MIR-3080,GAAGCGC,MIMAT0014868,MIMAT0014869,chr15,82959228,82959285,-,M. musculus,M. musculus,,No,,1.0,,,,,,,,,,,,,,,,
Mmu-Mir-3081,mmu-mir-3081,MIR-3081,UGCGCUC,MIMAT0014870,MIMAT0014871,chr16,44558058,44558115,-,M. musculus,M. musculus,,No,,,1.0,,,,,,,,,,,,,,,
Mmu-Mir-3085,mmu-mir-3085,MIR-3085,CUGGCUG,MIMAT0014878,MIMAT0014879,chr19,42280095,42280155,-,Eutheria,Eutheria,,Yes,,,1.0,,,,,,,,,,,,,,,
Mmu-Mir-3086,mmu-mir-3086,MIR-3086,AGAUUGU,MIMAT0014880,MIMAT0014881,chr19,58911686,58911744,-,M. musculus,M. musculus,,No,1.0,,1.0,,,,,,,,,,,,,,,
Mmu-Mir-3090,mmu-mir-3090,MIR-3090,CCCAGGU,MIMAT0014901,MIMAT0014902,chr2,133564722,133564781,+,M. musculus,M. musculus,,No,,,,,,,,,,,,,,,,,,
Mmu-Mir-3091,mmu-mir-3091,MIR-3091,GGGCCUG,MIMAT0014903,MIMAT0014904,chr2,180257547,180257601,+,M. musculus,M. musculus,,No,,,,,,,,,,,,,,,,,,
Mmu-Mir-3092,mmu-mir-3092,MIR-3092,AAUGGGG,MIMAT0014905,MIMAT0014906,chr3,27584915,27584979,-,M. musculus,M. musculus,,No,,,,,,,,,,,,,,,,,,
Mmu-Mir-3093,mmu-mir-3093,MIR-3093,GUGGACA,MIMAT0014907,MIMAT0014908,chr3,88215186,88215247,+,M. musculus,M. musculus,,No,,,1.0,,,,,,,,,,,,,,,
Mmu-Mir-3095,mmu-mir-3095,MIR-3095,GGACACU,MIMAT0014911,MIMAT0014912,chr4,58441023,58441085,-,M. musculus,M. musculus,,No,,,,,,,,,,,,,,,,,,
Mmu-Mir-3098,mmu-mir-3098,MIR-3098,CCUAACA,MIMAT0014917,MIMAT0014918,chr6,125195807,125195867,+,M. musculus,M. musculus,,No,,,1.0,,,,,,,,,,,,,,,
Mmu-Mir-3099,mmu-mir-3099,MIR-3099,AGGCUAG,MIMAT0014815,MIMAT0014816,chr7,6803600,6803659,+,Muridae,Muridae,,No,,,1.0,,,,,,,,,,,,,,,
Mmu-Mir-3101 V,mmu-mir-3101,MIR-3101,AGCUUUG,MIMAT0014921,MIMAT0014922,chr7,27176020,27176078,-,M. musculus,M. musculus,2.0,No,1.0,,,,,,,,,,,,,,,,,
Mmu-Mir-3105,mmu-mir-3105,MIR-3105,GAGCAAG,MIMAT0014941,MIMAT0014942,chr7,144009267,144009325,+,M. musculus,M. musculus,,No,1.0,,1.0,,,,,,,,,,,,,,,
Mmu-Mir-3109,mmu-mir-3109,MIR-3109,AUGGAUG,MIMAT0014949,MIMAT0014950,chr9,69456958,69457017,+,M. musculus,M. musculus,,No,1.0,1.0,,,,,,,,,,,,,,,,
Mmu-Mir-3110,mmu-mir-3110,MIR-3110,UCUGCCU,MIMAT0014951,MIMAT0014952,chrX,38210453,38210509,+,M. musculus,M. musculus,,No,,1.0,1.0,,,,,,,,,,,,,,,
Mmu-Mir-3112,mmu-mir-3112,MIR-3112,CAUAGAA,MIMAT0014955,MIMAT0014956,chrX,134075330,134075386,+,Muridae,Muridae,,No,,,1.0,,,,,,,,,,,,,,,
Mmu-Mir-5621,mmu-mir-5621,MIR-5621,GGGCCCU,MIMAT0022369,MIMAT0022370,chr11,115795824,115795886,+,M. musculus,M. musculus,,No,,,1.0,,,,,,,,,,,,,,,
Mmu-Mir-5626,mmu-mir-5626,MIR-5626,AGCAGUU,MIMAT0022381,MIMAT0022382,chr9,70405694,70405753,-,M. musculus,M. musculus,,No,,1.0,,,,,,,,,,,,,,,,
Mmu-Mir-6715,mmu-mir-6715,MIR-6715,CAGGCAC,MIMAT0029876,MIMAT0029877,chr19,55192678,55192734,+,Eutheria,Eutheria,,Unknown,,,1.0,,,,,,,,,,,,,,,
Mmu-Mir-7211,mmu-mir-7211,MIR-7211,GGAGUGA,MIMAT0028390,MIMAT0028391,chr10,94586137,94586199,-,M. musculus,M. musculus,,No,,,1.0,,,,,,,,,,,,,,,
Mmu-Mir-7220,mmu-mir-7220,MIR-7220,CAGGAAC,MIMAT0028408,MIMAT0028409,chr18,60953873,60953932,+,M. musculus,M. musculus,,No,,,1.0,,,,,,,,,,,,,,,
Mmu-Mir-7647,mmu-mir-7647,MIR-7647,AGUCCAG,MIMAT0029796,MIMAT0029797,chr5,123522636,123522695,-,M. musculus,M. musculus,,No,,,,,,,,,,,,,,,,,,
